misc/nupdates,misc/total_timesteps,fps,eprewmean,loss/policy_entropy,loss/policy_loss,loss/value_loss
20,10080,200,-18.10737589,1.4188512682914733,-0.004128505103290081,13.317364692687988
40,19680,200,-17.50623212,1.4186055421829225,-0.006358805671334266,3.365725040435791
60,29280,200,-18.026156770000004,1.4180868268013,-0.003246559202671051,9.057545614242553
80,38880,199,-17.53289114,1.4171196937561035,-0.004858724772930145,5.211454248428344
100,48480,199,-17.674442589999998,1.4163183331489564,0.0016995802521705627,17.77908797264099
120,58080,198,-16.94083527,1.4152279496192932,-0.0015786251053214074,2.5152865648269653
140,67680,198,-16.38813107,1.4146203517913818,0.011502473056316376,16.221603107452392
160,77280,198,-17.895486329999997,1.4146677017211915,-0.004052857961505651,4.140555953979492
180,86880,198,-16.5450285,1.4135084867477417,-0.001528698205947876,6.0996134877204895
200,96480,198,-16.53842073,1.4133984208106996,-0.0029867127537727355,6.150459164381028
220,106080,198,-15.91884112,1.4128401637077332,-0.0018766924738883972,1.265395748615265
240,115680,199,-15.752025369999997,1.412364947795868,-0.00203389897942543,2.8364684849977495
260,125280,199,-12.693250740000002,1.4119812726974488,0.0003899984061717987,1.0690136954188347
280,134880,199,-11.13370502,1.4126021265983582,-0.005938483029603958,0.6542881429195404
300,144480,199,-12.068937149999996,1.412417435646057,0.01370597705245018,2.684844559431076
320,154080,199,-11.15377247,1.411217176914215,-0.0003087237477302551,0.2807216465473175
340,163680,199,-9.708111899999999,1.4119725704193116,-0.006298181600868702,0.5203961595892906
360,173280,199,-11.654837200000001,1.4114870190620423,0.0004413232847582549,1.3922854661941528
380,182880,199,-11.917323110000002,1.4096667051315308,-0.002490903437137604,0.36474001631140707
400,192480,199,-10.50164514,1.4094520807266235,0.004299677908420563,1.9446022659540176
420,202080,199,-12.18216626,1.4087010622024536,-0.004596868716180325,0.22781680896878242
440,211680,199,-11.012977880000003,1.408194935321808,0.000697866827249527,0.8065833061933517
460,221280,199,-11.26422553,1.4081243395805358,0.01810288280248642,5.816308826208115
480,230880,199,-11.355802930000003,1.4076194167137146,0.00037467959336936476,0.4695807218551636
500,240480,199,-8.47409662,1.4073022484779358,0.014031721279025078,3.885994392633438
520,250080,199,-9.426248099999999,1.4069484233856202,0.005804347060620785,2.1706391274929047
540,259680,199,-12.61362394,1.4052779912948608,0.0030067323707044123,2.1873336404562
560,269280,200,-9.615107230000001,1.405544602870941,-0.003219912014901638,2.4493012011051176
580,278880,199,-11.729593620000001,1.405567455291748,0.0002341184765100479,1.4680400669574738
600,288480,199,-12.346743519999997,1.4060020804405213,0.0036518149077892303,3.3197538793087005
620,298080,199,-8.882448590000001,1.4060846328735352,0.012644040834857151,2.96725153028965
640,307680,199,-10.492743410000001,1.4065490245819092,-0.005326411552960053,1.3899860292673112
660,317280,199,-12.591241100000001,1.4065375089645387,0.0023797490168362854,8.13396623134613
680,326880,199,-13.441817200000003,1.4064635515213013,0.0003376469016075134,2.8311557471752167
700,336480,199,-13.74774022,1.4064861416816712,0.05289852060377598,6.020765192806721
720,346080,199,-12.510771649999999,1.4067285656929016,-0.0036049833055585624,1.0666853070259095
740,355680,199,-12.457672509999998,1.405771505832672,0.00515730232000351,9.757222980260849
760,365280,199,-8.90342355,1.4051194190979004,-0.0031004211865365504,7.912237852811813
780,374880,199,-9.23359228,1.4035351872444153,4.202984273433685e-05,10.264806607365609
800,384480,199,-9.526682990000001,1.403143846988678,-0.004126103967428208,0.7696717768907547
820,394080,199,-9.41931301,1.4023404359817504,0.0027124498039484022,9.248003327846527
840,403680,199,-11.55589692,1.4019688367843628,-0.004124586423859,7.678938333690167
860,413280,199,-9.17430946,1.4026259422302245,-0.004699068889021873,3.3425811558961867
880,422880,198,-8.338786579999999,1.403424608707428,-0.0017662845551967622,4.486482644081116
900,432480,198,-8.30386325,1.4037597060203553,-0.0003217770718038082,3.436494675278664
920,442080,198,-12.86226313,1.4034165143966675,-0.0026627346873283387,0.6084779769182205
940,451680,198,-9.618332500000001,1.4035778760910034,0.005275055393576622,1.0611473813652992
960,461280,198,-8.56358869,1.4040707349777222,0.00756714791059494,7.24547270834446
980,470880,198,-5.505512089999999,1.4027864575386046,0.009900084929540753,6.13946073949337
1000,480480,198,-6.8280476,1.4031829118728638,-0.0006538290530443191,1.590245822072029
1020,490080,198,-7.547732560000001,1.4032233119010926,-0.0019916556775569916,3.838648396730423
1040,499680,198,-9.403871380000002,1.4038286685943604,-0.004815038666129113,1.7100706219673156
1060,509280,198,-10.88866139,1.403598713874817,0.005631266161799431,8.104377913475037
1080,518880,198,-9.48209703,1.4041410565376282,0.00038555525243282317,3.4165772080421446
1100,528480,198,-10.491869580000003,1.4040443181991578,-0.00010857433080673218,0.4848448172211647
1120,538080,198,-11.59365613,1.4042583346366881,-0.0010061167180538178,4.153614139556884
1140,547680,198,-8.90895485,1.404706072807312,-0.001991267502307892,9.182616639137269
1160,557280,198,-10.603821830000005,1.4050771117210388,0.005634002760052681,10.828765916824342
1180,566880,197,-9.634765589999999,1.4031888842582703,0.0006339997053146362,3.8280147165060043
1200,576480,197,-8.33930402,1.401870334148407,-0.0024318093433976173,14.271217459440232
1220,586080,197,-10.333682680000003,1.4012804269790649,0.0002876348793506622,6.579023812711239
1240,595680,197,-10.739553550000004,1.4011288166046143,-0.002964792400598526,0.5849259987473487
1260,605280,197,-9.52377717,1.3998488903045654,-0.000463789701461792,1.8810563489794732
1280,614880,197,-6.717826459999999,1.3999900937080383,0.0011374473571777344,7.294983816146851
1300,624480,197,-5.13280803,1.3998501539230346,0.004602381866425276,3.9873151004314424
1320,634080,197,-7.3318219,1.399705457687378,-0.002593376254662871,6.925306323170662
1340,643680,197,-9.53778648,1.399423849582672,-0.0056444801390171054,2.429217427968979
1360,653280,197,-9.03767155,1.3993115782737733,-0.0021577971056103706,3.9160861492156984
1380,662880,197,-9.068828010000002,1.3997517466545104,0.0008040519431233406,5.4368250370025635
1400,672480,197,-9.252090110000001,1.399165427684784,0.005165174975991249,5.688432669639587
1420,682080,196,-10.668962479999998,1.3991540193557739,0.003304770216345787,3.7547157287597654
1440,691680,196,-8.343087890000001,1.3986454844474792,0.0016820136457681655,2.412188768386841
1460,701280,196,-7.4321989,1.3981590151786805,-0.0033123543485999106,8.081309047341346
1480,710880,196,-10.30468767,1.3984760403633119,-0.0077904343605041506,2.9219332844018937
1500,720480,196,-11.140865430000002,1.399012517929077,0.0008108781650662423,5.636360409855842
1520,730080,196,-8.25670174,1.3993828296661377,-0.002570667862892151,2.9256812155246736
1540,739680,196,-7.129320069999999,1.4006109356880188,0.0031741298735141754,2.1778158739209177
1560,749280,196,-7.875261989999999,1.4004473447799684,0.009446123801171779,10.699435567855835
1580,758880,196,-9.153110779999999,1.3994149208068847,-0.008559134602546693,6.981540083885193
1600,768480,196,-10.635738860000002,1.3989102959632873,-0.0020144473761320113,4.93416154384613
1620,778080,196,-10.064871019999998,1.398529326915741,0.007238183240406215,3.7416826874017715
1640,787680,196,-9.925968769999999,1.39859881401062,-0.0013886570930480957,1.478316715359688
1660,797280,196,-9.10606825,1.396576750278473,0.0007752209901809692,1.4027828097343444
1680,806880,196,-10.5343808,1.39539977312088,-0.0026139266788959502,3.4989926517009735
1700,816480,196,-8.56334362,1.3947807788848876,-0.002594839408993721,7.9170109033584595
1720,826080,196,-10.15277327,1.3941883802413941,-0.006195833440870047,4.782042372226715
1740,835680,196,-10.304664750000002,1.3942688584327698,-0.0034955453127622606,1.414271318912506
1760,845280,196,-10.510494580000001,1.3935919761657716,0.00030145421624183655,5.298411071300507
1780,854880,196,-7.876077929999999,1.393606960773468,-0.00016243613790720702,4.785160744190216
1800,864480,196,-9.398917280000001,1.3933167815208436,-3.7132948637008664e-05,3.0013306856155397
1820,874080,196,-8.32616701,1.3919468522071838,0.005819334834814072,6.6282248258590695
1840,883680,196,-8.361384410000001,1.3899165630340575,-0.003826230950653553,4.576325184106826
1860,893280,196,-8.614439249999998,1.3890130519866943,-0.0031516844406723975,3.8018006324768066
1880,902880,196,-6.87051372,1.3877231240272523,0.0002606632187962532,5.186706185340881
1900,912480,196,-4.4114112599999995,1.3862664580345154,-0.006891577236820013,2.539733922481537
1920,922080,196,-4.247076549999999,1.3854554176330567,0.005021133762784302,2.517729949951172
1940,931680,196,-4.19775544,1.3849619269371032,-0.006782252504490316,4.51084052324295
1960,941280,196,-3.4731599600000003,1.3844882130622864,-0.006173637602478266,2.067035496234894
1980,950880,196,-4.0104891,1.3847516775131226,-0.011644342774525284,2.7730410277843474
2000,960480,196,-5.95865288,1.3845913529396057,0.0008369613438844681,5.896352684497833
2020,970080,196,-2.4122744499999995,1.384936761856079,-0.005298145487904549,10.281021118164062
2040,979680,195,-3.0532063600000003,1.383642327785492,0.00040449947118759155,5.237507373094559
2060,989280,195,-4.036141259999999,1.3835170984268188,-0.004426646656065713,1.1823997735977172
2080,998880,195,-1.66684981,1.3825952410697937,0.0028337277472019196,9.155862617492676
2100,1008480,195,0.33822066,1.3814558267593384,-0.0024517271667718887,1.9073599517345428
2120,1018080,195,-3.60159217,1.3805268168449403,-0.0026815317571163176,6.21685094833374
2140,1027680,195,-0.27534569999999997,1.3801751971244811,-0.0019781749695539476,2.063160800933838
2160,1037280,195,-2.40176314,1.3789682745933534,-0.005920061748474837,2.2552897930145264
2180,1046880,195,-2.6611130000000007,1.3773759841918944,-0.00398614164441824,3.480358949303627
2200,1056480,195,-3.5013785400000006,1.3779377579689025,-0.0006396926939487458,6.138604021072387
2220,1066080,195,-0.9183891200000002,1.3774742007255554,-0.0029462299775332213,9.961347770690917
2240,1075680,196,0.7142056600000004,1.377728009223938,-0.0028222255408763886,8.583110505342484
2260,1085280,196,0.22119046000000003,1.3776768803596497,-0.0016627157106995582,7.859978723526001
2280,1094880,196,-3.3476197400000003,1.3760390162467957,-0.003832118958234787,1.8260221302509307
2300,1104480,196,-2.81785459,1.374735677242279,-0.004019428044557571,0.9339632496237755
2320,1114080,196,-1.5328544900000003,1.3740431308746337,0.004381467122584581,3.456427264213562
2340,1123680,196,-0.49057751000000005,1.3722262978553772,0.0032422397285699843,6.882088476419449
2360,1133280,196,-1.9840026899999998,1.3711484909057616,0.012010063230991363,13.699007654190064
2380,1142880,196,-3.6515281400000004,1.3712597131729125,0.011289001815021038,7.398369824886322
2400,1152480,196,-1.68832153,1.3702774405479432,0.01964226961135864,7.535726416110992
2420,1162080,196,-1.8758312300000002,1.3698161721229554,-0.0036624804139137267,3.3135853886604307
2440,1171680,196,-1.5910833199999999,1.3693770051002503,-0.0017387324944138527,1.1635422497987746
2460,1181280,196,-1.0540305600000004,1.368031370639801,0.0021124571561813355,6.374427461624146
2480,1190880,196,1.2423850699999996,1.3677937865257264,0.003504413564223796,4.02876900434494
2500,1200480,196,-3.2092947500000006,1.3662278294563293,-0.003903951309621334,7.057647180557251
2520,1210080,196,-3.9741899999999997,1.3660655736923217,0.0015697066439315677,3.1171932101249693
2540,1219680,196,-1.6196172600000003,1.3658448219299317,-0.0021424276288598775,4.417846632003784
2560,1229280,196,-1.16509238,1.364908254146576,0.002217298373579979,3.788431632518768
2580,1238880,196,0.3508354699999998,1.3635239362716676,-0.0016509892418980598,2.4807579576969148
2600,1248480,196,4.50683206,1.362960422039032,0.022409367188811303,4.522693181037903
2620,1258080,196,2.4933808,1.3624659299850463,-0.00639444999396801,15.45426540374756
2640,1267680,196,0.08746829999999985,1.3619667053222657,-0.0032341383397579194,9.924437654018401
2660,1277280,196,-2.10800664,1.3609090209007264,-0.001027780957520008,4.588141131401062
2680,1286880,196,0.15815927000000027,1.360290253162384,-0.005221562460064888,6.178185534477234
2700,1296480,196,2.6116671800000004,1.3607126235961915,-0.006372713297605514,5.022186517715454
2720,1306080,196,2.5092616100000003,1.3610763788223266,-0.00415440765209496,2.3399069219827653
2740,1315680,196,-1.8477671400000002,1.3598515152931214,-0.0010764234437374398,11.302110600471497
2760,1325280,196,-0.7437335800000006,1.359017252922058,-0.010519652580842375,2.869287446141243
2780,1334880,196,3.5077415899999993,1.3585521697998046,-0.0008999505385872908,6.324790728092194
2800,1344480,196,0.6018277299999997,1.357471227645874,-0.0010462477803230286,3.0378512024879454
2820,1354080,196,0.43640118,1.3568557977676392,0.008746697567403316,4.974168181419373
2840,1363680,196,2.4864447399999996,1.356705904006958,-0.0017669393680989742,5.342742556333542
2860,1373280,196,2.87869191,1.3551270246505738,0.004215043224394322,6.080075073242187
2880,1382880,196,4.029389180000001,1.3536055088043213,0.003804526850581169,5.610586941242218
2900,1392480,196,6.40956779,1.3536882281303406,-0.004597812704741955,1.8183318465948104
2920,1402080,196,4.18306317,1.3523637652397156,-0.005576491542160511,6.586080884933471
2940,1411680,196,3.1269448500000006,1.3506099462509156,-0.0035578048322349788,3.008608031272888
2960,1421280,196,3.1304567299999992,1.3489365458488465,-0.005243558064103126,1.1400557219982148
2980,1430880,196,2.0033319,1.3472399473190309,-0.003268583305180073,0.7953876852989197
3000,1440480,196,0.44301560999999995,1.3463683009147644,-0.010425430536270142,4.335904514789581
3020,1450080,196,1.97130488,1.3464182496070862,-0.0012800779193639755,4.060334372520447
3040,1459680,196,3.8524043599999995,1.3469439029693604,0.006202340126037598,7.406237137317658
3060,1469280,197,0.3739264700000001,1.3462629914283752,-0.001506727933883667,1.734402197599411
3080,1478880,197,1.9750214899999998,1.3455028176307677,-0.003901887685060501,3.3412272810935972
3100,1488480,197,4.23926574,1.3458196520805359,0.0030585700646042825,7.856059968471527
3120,1498080,197,3.7294665300000003,1.3451512098312377,-0.010934602888301014,1.7796582341194154
3140,1507680,197,4.211021779999999,1.3433995604515077,-0.004772403836250305,2.9502201095223426
3160,1517280,197,5.676163749999998,1.343342113494873,-0.005315062589943409,0.5043233633041382
3180,1526880,197,7.81544043,1.34325932264328,-0.0027551296167075633,5.487352913618087
3200,1536480,197,7.32287875,1.3426470160484314,-0.004051964730024338,5.73364172577858
3220,1546080,197,4.378631679999999,1.3403464078903198,-0.0001543525606393814,5.708348256349564
3240,1555680,197,5.4907211700000005,1.339375114440918,-0.0030912958085536958,1.7329501122236253
3260,1565280,197,6.01197377,1.3385508418083192,-0.010032368078827857,3.6469215214252473
3280,1574880,197,4.42572856,1.3378472805023194,-0.009184661720064468,1.4686796247959137
3300,1584480,197,2.1377132099999994,1.3369297862052918,-0.0033343441784381865,1.5300416618585586
3320,1594080,197,2.8928063799999997,1.3357014775276184,-0.015636639017611743,7.213794028013945
3340,1603680,197,7.939739029999999,1.3355395913124084,0.0012011155486106873,2.1431395053863525
3360,1613280,197,8.92655665,1.3353275895118712,0.003995441272854805,8.609031414985656
3380,1622880,197,7.057646200000001,1.3353621363639832,0.00306517593562603,1.8570119500160218
3400,1632480,197,7.821689340000002,1.3352784156799316,-0.0020799814257770775,0.3391245201230049
3420,1642080,197,8.52530268,1.3341697931289673,-0.0019981995224952697,8.567593124508857
3440,1651680,197,8.928255109999998,1.3338272333145142,-0.0049408266320824625,6.04248411655426
3460,1661280,197,7.040644279999999,1.3330859899520875,-0.00026546269655227663,3.4616808891296387
3480,1670880,197,7.550238019999999,1.3324760794639587,-0.0027571201324462892,1.2801387399435042
3500,1680480,197,9.264792700000001,1.3318113327026366,-0.003345407545566559,4.324100452661514
3520,1690080,197,8.54869557,1.3310638904571532,-0.004692725837230682,0.4682779863476753
3540,1699680,197,6.82965463,1.32906574010849,-0.007401248486712575,0.3077878884971142
3560,1709280,197,7.805029870000001,1.3277002692222595,-0.012696564247016795,1.2999306157231332
3580,1718880,197,7.794146150000001,1.3263915419578551,-0.007463137805461884,2.7237052440643312
3600,1728480,197,7.095553289999999,1.3255886077880858,0.004176134336739778,1.3085284769535064
3620,1738080,197,8.11195745,1.3238242864608765,-0.010136072151362896,0.34831205010414124
3640,1747680,197,8.88484493,1.3239327907562255,0.0021741781383752823,2.233785855770111
3660,1757280,197,8.76451365,1.3235450506210327,-0.0056009329156950114,0.5136180981993675
3680,1766880,197,9.72859693,1.3227057218551637,-0.005458196252584457,1.5082987904548646
3700,1776480,197,13.35152494,1.3223604917526246,-0.011479239538311958,4.741314023733139
3720,1786080,197,12.699497569999997,1.3223430156707763,-0.006582733686082065,0.29032073467969893
3740,1795680,198,12.981978700000003,1.3221759080886841,-0.0014519333373755217,0.9512792229652405
3760,1805280,198,9.526352189999999,1.322040891647339,0.00371958464384079,4.8952067494392395
3780,1814880,198,10.896302449999999,1.3213998794555664,-0.0003332003951072693,9.053943657875061
3800,1824480,198,10.74495256,1.3208263278007508,-0.0008538307622075081,1.393165159225464
3820,1834080,198,9.76704208,1.320406424999237,0.0037236712872982026,3.0306541085243226
3840,1843680,198,5.71192759,1.3200584411621095,-0.006284508109092713,24.66852502822876
3860,1853280,198,4.465808770000001,1.3198110699653625,-0.007728848606348038,8.144948410987855
3880,1862880,198,6.338659520000001,1.319564652442932,-0.002691114041954279,3.6396279722452163
3900,1872480,198,7.878063579999999,1.3188100695610045,-0.0026709694415330888,1.647431030869484
3920,1882080,198,8.09026616,1.3178937792778016,0.002854275703430176,18.01257243156433
3940,1891680,198,6.417469510000001,1.3178213834762573,0.0005085185170173645,2.4577284872531893
3960,1901280,198,10.633125169999998,1.3173527240753173,0.0025787530466914177,11.1413645029068
3980,1910880,198,10.361181760000001,1.3177494764328004,-0.00040772035717964175,3.3821079552173616
4000,1920480,198,7.2347214200000005,1.3179184913635253,0.007177137210965157,8.341342735290528
4020,1930080,198,1.84681837,1.3187262892723084,0.01070476146414876,7.707867205142975
4040,1939680,198,7.472870129999999,1.3189178228378295,0.0018554797861725092,1.0845202207565308
4060,1949280,198,6.522686520000001,1.3191863536834716,-0.007242223434150219,0.8703867018222808
4080,1958880,198,6.109934669999999,1.3179744720458983,-0.0015144802629947663,13.702883122861385
4100,1968480,198,8.76878353,1.3185462713241578,0.002784711867570877,3.9735058784484862
4120,1978080,198,6.01424612,1.3186358094215394,-0.0040033590514212845,6.72373685836792
4140,1987680,198,9.13711152,1.3182303428649902,0.0009414196014404297,15.03910174369812
4160,1997280,198,5.399573909999999,1.319591748714447,0.0030113132670521736,9.92246346473694
4180,2006880,198,4.834589510000001,1.3197952270507813,0.013725294964388013,11.946230840682983
4200,2016480,198,4.61874818,1.3191267251968384,-0.00620206743478775,0.878794926404953
4220,2026080,198,3.9297872099999993,1.3183438062667847,-8.977726101875306e-05,11.859622907638549
4240,2035680,198,4.8068202300000005,1.3178188800811768,0.027942000306211412,13.307119989395142
4260,2045280,198,7.93079234,1.3180985689163207,0.0023184593766927717,11.851082110404969
4280,2054880,198,8.12212086,1.31833872795105,0.00704438965767622,2.722107243537903
4300,2064480,198,4.664478380000001,1.317504334449768,0.0014036968350410461,15.490921974182129
4320,2074080,198,4.40097541,1.3161503434181214,0.0012508080340921878,0.8177614003419876
4340,2083680,198,3.4111483199999997,1.3165239095687866,0.0001505039632320404,7.099778810143471
4360,2093280,198,4.546691790000001,1.3169748663902283,-0.004448505274194758,9.287682819366456
4380,2102880,198,6.916507369999998,1.3162493109703064,0.016631679330021142,15.193305206298827
4400,2112480,198,9.49924756,1.3158222556114196,-0.0015576733276247978,8.594618988037109
4420,2122080,198,8.335586180000002,1.315431797504425,0.005180969648063183,5.384186273813247
4440,2131680,198,6.646895899999999,1.3152110815048217,0.006500649452209473,6.62280433177948
4460,2141280,198,2.4351121300000007,1.3168865203857423,0.0095209252089262,5.324042707681656
4480,2150880,198,3.8376379600000003,1.3180473923683167,-0.0005991227924823761,3.571316182613373
4500,2160480,198,8.41993362,1.3184544563293457,0.0006296880543231964,0.48433148562908174
4520,2170080,198,6.803675869999999,1.3182652235031127,0.006015222892165184,6.226003527641296
4540,2179680,198,7.0025203099999995,1.3180121183395386,-0.0034784005954861643,0.3665705680847168
4560,2189280,198,7.5507857299999985,1.3180092215538024,-0.005269488925114274,9.495486775040627
4580,2198880,198,5.808078760000002,1.3188875436782836,-0.01254854709841311,2.034651646018028
4600,2208480,198,9.581972830000002,1.3184836387634278,-0.007689306885004044,0.801394909620285
4620,2218080,198,8.38868653,1.3189654231071473,0.006545305997133255,2.8095602959394457
4640,2227680,198,9.353352370000001,1.3187140464782714,-0.004305939376354218,1.9898778408765794
4660,2237280,198,14.230671480000002,1.318549144268036,0.002318541519343853,2.2315021276474
4680,2246880,198,13.519072170000001,1.3184875011444093,-0.004101268574595451,4.774498370289803
4700,2256480,198,12.257045640000001,1.320155680179596,-0.0028973916196264327,5.011457943916321
4720,2266080,198,13.6631403,1.3196394324302674,-0.0007056187838315964,2.8917804181575777
4740,2275680,198,14.11688634,1.3188728213310241,-0.008774693682789802,1.1152692630887031
4760,2285280,198,13.00213174,1.3185434103012086,0.002882266975939274,2.6169658958911897
4780,2294880,198,12.38129235,1.317655873298645,-0.0049914330244064335,1.11557175219059
4800,2304480,198,14.728036159999998,1.3176989555358887,-0.015498020267114044,0.24541501477360725
4820,2314080,198,16.0184045,1.316897439956665,-0.002058754861354828,0.6371519297361374
4840,2323680,198,12.910919510000001,1.315613067150116,-0.011563287675380706,7.415768411755562
4860,2333280,198,9.75723163,1.3156413197517396,-0.0037694169208407403,2.39895977973938
4880,2342880,198,8.48605368,1.3159838557243346,0.0022635322064161302,7.210693374276161
4900,2352480,198,9.356460360000002,1.3151355862617493,0.0019974004477262496,3.40250004529953
4920,2362080,198,12.784896289999997,1.3146144270896911,0.003015822917222977,2.8947148740291597
4940,2371680,198,11.726467200000002,1.3138137698173522,-0.007141336053609848,2.2439260482788086
4960,2381280,199,10.312474929999999,1.3129493951797486,0.016416379902511834,11.807539796829223
4980,2390880,199,9.77042086,1.3125941276550293,-0.0019276442006230354,6.608481478691101
5000,2400480,199,13.774651270000001,1.3120303511619569,-0.005380928143858909,1.8832799911499023
5020,2410080,199,12.09852855,1.3124851942062379,-0.002862050198018551,7.439203214645386
5040,2419680,199,7.592929910000001,1.3119907617568969,-0.004710344783961773,1.84139074832201
5060,2429280,199,6.521429899999999,1.3112272262573241,-0.0037481926614418627,1.371401558816433
5080,2438880,199,6.85560122,1.3103077411651611,-0.004728025011718273,2.9435993999242784
5100,2448480,199,7.912255249999999,1.3096254229545594,-0.0018690254539251328,5.916902816295623
5120,2458080,199,6.27042335,1.3095622420310975,0.012926972657442092,3.570751893520355
5140,2467680,199,7.012597099999999,1.3083724856376648,-0.003056560456752777,7.494775795936585
5160,2477280,198,9.444106920000001,1.3078327178955078,-0.0015349089168012141,7.650122910737991
5180,2486880,198,8.605452689999998,1.3076217651367188,-0.009151951968669891,0.2646270528435707
5200,2496480,198,8.11086474,1.3065843105316162,-0.008840068615972996,0.8111360669136047
5220,2506080,198,9.194405790000001,1.3061444520950318,0.0011045427527278662,2.2172758102416994
5240,2515680,198,10.915462500000004,1.3060024976730347,-0.005037102475762367,5.224098841845989
5260,2525280,198,10.93663681,1.3063713908195496,-0.001542801409959793,5.835585838556289
5280,2534880,198,12.814763880000003,1.3051282048225403,0.006984118511900306,8.71913001537323
5300,2544480,198,9.92110823,1.3039085268974304,0.006261076778173447,19.66905288696289
5320,2554080,198,9.9664977,1.3032865524291992,-0.006774382293224334,3.7436367690563204
5340,2563680,198,12.490971120000001,1.302955424785614,0.0008614715188741684,3.516066011786461
5360,2573280,198,14.876758749999999,1.3028684973716735,-0.0056647006422281265,4.329647064208984
5380,2582880,198,14.16520695,1.3028801918029784,-0.007003815472126007,6.262272727489472
5400,2592480,198,11.597473849999998,1.3028411388397216,-0.00047951266169548034,11.001740610599517
5420,2602080,198,12.675776280000001,1.3017176032066344,-0.008545743674039841,8.4866146966815
5440,2611680,198,12.303223499999996,1.3024343967437744,-0.006326016830280423,0.7560690969228745
5460,2621280,198,12.153178639999998,1.3027302503585816,-0.0036660315468907355,7.726387083530426
5480,2630880,198,11.65251202,1.3041162014007568,0.004106574878096581,1.5385417580604552
5500,2640480,198,13.927478890000001,1.3045843362808227,-0.008538679406046867,16.365723848342896
5520,2650080,198,14.481616940000002,1.303971254825592,-0.004942290484905243,2.4750354111194612
5540,2659680,198,13.35691953,1.303987455368042,-0.008199504762887954,10.952656441926957
5560,2669280,198,11.207090949999998,1.304529070854187,0.006361303478479385,8.333569478988647
5580,2678880,198,8.391636030000003,1.30467848777771,0.007538393139839172,10.251078283786773
5600,2688480,198,12.79359107,1.303524136543274,-0.0021151171562451055,1.478233778476715
5620,2698080,198,10.79476401,1.3031585097312928,0.006014206260442734,7.680551189184189
5640,2707680,198,10.56307131,1.302771544456482,0.0007373645901679992,5.1099482595920565
5660,2717280,198,9.976721809999999,1.3026083707809448,0.006303869374096394,3.39675886631012
5680,2726880,198,5.82203823,1.3008808851242066,-0.0024899411015212535,1.0410551726818085
5700,2736480,198,7.29780227,1.3006554007530213,0.0030532835051417353,15.08858413696289
5720,2746080,198,7.26775532,1.3004656553268432,0.0054944479838013646,8.400068378448486
5740,2755680,198,4.43563182,1.3007060408592224,0.0053839860018342735,9.162686157226563
5760,2765280,198,12.82909608,1.3005299687385559,-0.0016917187720537185,0.8021933019161225
5780,2774880,198,14.383273319999999,1.300026571750641,0.002641372143989429,5.14321254491806
5800,2784480,198,11.4078542,1.3010437726974486,0.009688449278473853,16.576123052835463
5820,2794080,197,12.532023069999997,1.2999392747879028,0.00600020494312048,10.004533070325852
5840,2803680,197,15.465931400000002,1.2995051980018615,-0.005447976663708687,18.990997409820558
5860,2813280,197,14.648500109999997,1.2985713601112365,0.0030401146970689295,23.75643310546875
5880,2822880,197,11.112955529999997,1.2989025950431823,-0.0039589966647326945,9.29813847541809
5900,2832480,197,14.405013000000002,1.2985563635826112,0.008897935692220926,7.434719088673591
5920,2842080,197,14.608797390000001,1.2964924812316894,-0.00373985655605793,14.108795666694641
5940,2851680,197,11.766825260000003,1.2968199014663697,-0.004345749411731959,13.475006306171418
5960,2861280,197,13.78662025,1.2962046146392823,-0.0048811547458171844,4.059478090703488
5980,2870880,197,12.12235471,1.295831847190857,-0.00016036741435527803,9.121853256225586
6000,2880480,197,14.030893410000003,1.2955099105834962,0.0020997632294893266,1.8708567172288895
6020,2890080,197,13.409949030000002,1.2959961771965027,0.0036903448402881623,12.230672943592072
6040,2899680,197,14.3281102,1.2959365844726562,-0.000586085394024849,5.96681227684021
6060,2909280,197,7.620221439999999,1.295498502254486,0.003448135033249855,3.1619208216667176
6080,2918880,197,9.49776434,1.2946590185165405,0.003949036449193954,10.68102252483368
6100,2928480,197,4.35210118,1.295045268535614,-0.007925410801544786,21.56375632286072
6120,2938080,197,8.38457048,1.2945441484451294,0.009452818974386901,6.299861174821854
6140,2947680,197,7.8310835899999995,1.2928495049476623,-0.01145569682121277,6.65934242606163
6160,2957280,197,11.70377494,1.2918940782546997,0.0036199433263391255,1.3581771075725555
6180,2966880,197,10.32605091,1.2921468377113343,0.000963795930147171,8.343739366531372
6200,2976480,197,11.19651026,1.2909045338630676,0.00377243310213089,1.8843962490558623
6220,2986080,197,9.32816247,1.289654290676117,0.0028828073292970656,11.96540788412094
6240,2995680,197,9.45985379,1.2890501856803893,-0.008679788187146186,0.6341519564390182
6260,3005280,197,12.983451290000003,1.288577103614807,-0.002248430997133255,2.2802908182144166
6280,3014880,197,15.857822420000002,1.287777042388916,0.004216153174638748,7.458495372533799
6300,3024480,197,16.96559872,1.287662398815155,-0.002366963028907776,3.0238191187381744
6320,3034080,197,16.67645959,1.2876009106636048,-0.0023399132769554853,27.40341852903366
6340,3043680,197,17.81076106,1.2869070053100586,-0.01505829393863678,0.8780261874198914
6360,3053280,197,18.74907033,1.2857352495193481,0.0009122580289840698,6.933456200361252
6380,3062880,197,12.306917160000003,1.2858479142189025,-0.006413213163614273,18.077831810712816
6400,3072480,197,13.182753189999998,1.286461317539215,0.0034599058330059052,12.522501277923585
6420,3082080,197,11.192228470000002,1.2862740278244018,0.007974022440612316,3.9812059134244917
6440,3091680,197,11.722511520000001,1.2866374135017395,-0.004461342259310186,15.26345202922821
6460,3101280,197,12.730184490000001,1.2870349287986755,-0.00014753304421901702,8.258058166503906
6480,3110880,197,9.82235226,1.2873733997344972,-0.0027308985590934753,9.308261334896088
6500,3120480,197,17.08414528,1.2867253422737122,-0.007291290163993836,15.189012658596038
6520,3130080,197,15.07777666,1.2869287490844727,0.0001038545509800315,18.273655390739442
6540,3139680,197,13.20538595,1.287181031703949,-0.00549144372344017,5.8601079225540165
6560,3149280,197,14.084877999999998,1.287692379951477,-0.007669270550832152,15.064011651277543
6580,3158880,197,17.2087863,1.2872360229492188,-0.009226937405765056,1.4753786444664
6600,3168480,197,21.430783270000003,1.286400842666626,-0.0004954338073730469,3.6473409950733187
6620,3178080,197,22.440915119999996,1.2855719208717347,-0.0006851413752883672,14.862508046627045
6640,3187680,196,21.9204394,1.2846867799758912,-0.0015260492218658328,14.472152718901635
6660,3197280,196,18.609767400000003,1.2843250036239624,-0.01003575772047043,4.74554871916771
6680,3206880,196,17.599484529999998,1.2841273069381713,0.010102641582489014,1.6764725863933563
6700,3216480,196,21.46148377,1.284144103527069,-0.013809628039598464,0.593673188984394
6720,3226080,196,18.68299355,1.2835705161094666,-0.006884549930691719,1.3980719208717347
6740,3235680,196,16.7667601,1.28307865858078,-0.004738795757293701,1.024636186659336
6760,3245280,196,14.72109378,1.2831464767456056,-0.0061012603342533115,6.67506160736084
6780,3254880,196,15.20805114,1.2833585739135742,-0.0031593069434165955,2.804196670651436
6800,3264480,196,17.21060016,1.282857394218445,-0.004583502933382988,6.837494868040085
6820,3274080,196,10.5521854,1.2834040641784668,0.014759564027190208,8.825983187556266
6840,3283680,196,14.26989353,1.2837972044944763,0.006368480250239372,10.145112508535385
6860,3293280,196,13.060994480000002,1.2825196266174317,-0.0011974833905696869,16.81411476135254
6880,3302880,196,15.36108088,1.2834061622619628,0.0009318217635154724,2.434750074148178
6900,3312480,196,17.342858290000002,1.2819568157196044,-0.011530458927154541,16.893441674113273
6920,3322080,196,21.134862240000007,1.2810214400291442,0.0016130581498146057,25.26931129693985
6940,3331680,196,16.325894119999997,1.2807454824447633,-0.0026518010534346105,3.4489341884851457
6960,3341280,196,18.716128539999996,1.2816302180290222,0.0034118130803108214,14.691302078962327
6980,3350880,196,18.15082214,1.2822811365127564,-0.0058836288750171665,10.166886830329895
7000,3360480,196,13.052116909999997,1.2820007085800171,-0.009224605932831764,13.630765342712403
7020,3370080,196,13.159888580000004,1.2816404700279236,0.0003060009330511093,2.6634990155696867
7040,3379680,196,11.135838669999998,1.2822479248046874,0.003386341407895088,9.588321405649186
7060,3389280,196,15.731825459999998,1.283047091960907,-0.010484099388122559,9.429988956451416
7080,3398880,196,16.654954869999997,1.2817837953567506,-0.018082978669553995,1.6972276449203492
7100,3408480,196,16.88606301,1.282390832901001,-0.005892644822597504,19.26922674179077
7120,3418080,196,17.867961870000002,1.2815802216529846,-0.008101145550608636,0.6386081427335739
7140,3427680,196,19.127613699999998,1.2816092133522035,-0.009493152797222137,0.4090390682220459
7160,3437280,196,11.573012920000002,1.2819209575653077,-0.0032830556854605676,6.406795170903206
7180,3446880,196,15.14700298,1.281771433353424,0.003369324840605259,12.268165290355682
7200,3456480,196,16.286059480000002,1.2822685599327088,0.001187502092216164,6.616428089141846
7220,3466080,196,14.56446358,1.2819189310073853,0.0017778223380446434,3.294353133440018
7240,3475680,196,18.603120840000006,1.2820363283157348,-0.0052412677556276325,9.773474073410034
7260,3485280,196,18.450758990000004,1.281658375263214,-0.007614682242274284,1.3891528248786926
7280,3494880,196,15.267769889999997,1.282135009765625,-0.013692393898963928,1.9932896494865417
7300,3504480,196,15.59595241,1.2811301350593567,-0.0033949315547943115,12.318150401115417
7320,3514080,196,14.737123539999997,1.2811203598976135,0.001055702567100525,18.91170117855072
7340,3523680,196,15.39810482,1.2808911204338074,0.029427822679281235,21.236575508117674
7360,3533280,196,13.671507159999997,1.2818623185157776,0.004796354472637177,30.133808422088624
7380,3542880,196,11.852317059999997,1.2817128896713257,-0.0007010579109191894,18.29276735186577
7400,3552480,196,14.356919710000001,1.2806615591049195,-0.011757659167051316,9.377869910001754
7420,3562080,196,14.18875488,1.2809070944786072,0.003715934231877327,13.450380039215087
7440,3571680,196,11.74264871,1.2814076781272887,-0.012451710751338396,11.727670288085937
7460,3581280,196,11.0814653,1.2802562236785888,-0.0015782341361045837,17.812849140167238
7480,3590880,196,12.925061930000002,1.2790758848190307,0.0039718814194202425,11.018280267715454
7500,3600480,195,10.3100691,1.2787950396537782,-0.000860920175909996,7.601335859298706
7520,3610080,195,11.456017269999995,1.27766010761261,0.0012925129849463701,3.629702943563461
7540,3619680,195,18.51194466,1.2774296641349792,0.00516459047794342,2.9202552914619444
7560,3629280,195,20.201890599999995,1.2763222813606263,0.001478765904903412,7.543252062797547
7580,3638880,195,18.067697619999997,1.2761701941490173,-0.0054408833384513855,3.2121803879737856
7600,3648480,195,18.039960150000002,1.2754865765571595,7.963012903928756e-05,4.464235323667526
7620,3658080,195,16.89254391,1.2755431413650513,-0.011094226315617562,3.6580518007278444
7640,3667680,195,20.120406590000005,1.27495619058609,-0.005758619238622487,16.070057731866836
7660,3677280,195,16.246218529999997,1.2750765323638915,-0.00027381591498851774,23.069610345363618
7680,3686880,195,15.09978216,1.2749432921409607,-0.003888622939120978,10.924317741394043
7700,3696480,195,17.4539197,1.2751406908035279,0.00303763709962368,9.48688789010048
7720,3706080,195,16.6998344,1.2745879650115968,-0.0016575340181589127,4.245037660002708
7740,3715680,195,14.603308050000003,1.274748718738556,-0.004386354982852936,8.03235715329647
7760,3725280,195,18.90677817,1.2744958519935607,-0.002363089844584465,11.156780433654784
7780,3734880,195,11.17911506,1.2744166493415832,-0.004095244081690907,19.39675154685974
7800,3744480,195,16.15123823,1.2754724621772766,0.00042274110019207,11.510720770061017
7820,3754080,195,14.709227689999999,1.2763365507125854,-0.006189099140465259,5.133837151527405
7840,3763680,195,14.2656319,1.2778570055961609,0.022992334514856338,18.30239028930664
7860,3773280,195,18.44747527,1.277816653251648,-0.009625028073787689,4.0916427075862885
7880,3782880,195,15.266642399999999,1.2782068967819213,0.0017515361309051515,7.0865631103515625
7900,3792480,195,11.689694059999999,1.278224813938141,0.014711903035640716,28.912412190437315
7920,3802080,195,16.857774749999997,1.2774063348770142,-0.002995072305202484,10.495094829797745
7940,3811680,195,12.214906260000003,1.278756320476532,-0.00754751693457365,12.57369635105133
7960,3821280,195,16.78932881,1.2782908797264099,-0.0032244583591818808,1.6375129342079162
7980,3830880,195,14.763442329999998,1.2801446676254273,-0.008041897416114807,4.011527860164643
8000,3840480,195,14.134192149999999,1.2798583269119264,0.009896374121308327,4.853153157234192
8020,3850080,195,15.115145579999997,1.2799389481544494,-0.005062704533338546,15.630537223815917
8040,3859680,195,12.618019229999998,1.2799894690513611,0.0072202058508992195,11.115678977966308
8060,3869280,195,14.496314230000001,1.2805640935897826,0.007446058001369238,15.484868001937866
8080,3878880,195,16.590063510000004,1.2812928676605224,0.009050486236810684,14.023953747749328
8100,3888480,195,14.968243459999998,1.2813769221305846,0.008702899515628814,13.770271492004394
8120,3898080,195,17.865056260000003,1.2807971715927124,2.269973047077656e-05,10.883846724033356
8140,3907680,195,14.428668170000003,1.2808525085449218,0.011263437382876874,7.978215503692627
8160,3917280,195,19.15261864,1.281462585926056,-0.00988667756319046,2.875528562068939
8180,3926880,195,17.28009953,1.2816040873527528,0.006716158986091614,23.593273448944093
8200,3936480,195,14.17082035,1.2817154049873352,0.0002824947237968445,24.193627738952635
8220,3946080,195,15.171262080000002,1.282494306564331,-0.0035396650433540343,9.242115688323974
8240,3955680,195,16.4138777,1.2825970888137816,0.00400443566031754,11.519760274887085
8260,3965280,195,14.53623691,1.2828144907951355,0.008501226222142578,1.630263590812683
8280,3974880,195,16.50502575,1.2826366305351258,0.007734575122594833,11.676067352294922
8300,3984480,195,13.572729470000002,1.2833369493484497,-0.0015548909083008765,15.929987287521362
8320,3994080,194,14.282737570000002,1.2834807515144349,0.0058619382325559855,2.60549875497818
8340,4003680,194,14.343571899999997,1.2838350892066956,-0.0008490372449159623,9.704463040828704
8360,4013280,194,17.50266756,1.2843997120857238,0.012287091463804245,23.201556754112243
8380,4022880,194,13.94410084,1.2845178723335267,-0.0035610704217106104,16.57152614593506
8400,4032480,194,13.98458105,1.2851831674575807,-0.000911677535623312,15.129876470565796
8420,4042080,194,10.07965012,1.286058235168457,-0.0014892563223838807,3.848322892189026
8440,4051680,194,16.26268908,1.2862552881240845,-0.005923956632614136,12.585476279258728
8460,4061280,194,15.03682309,1.2849980592727661,-0.0033410570118576287,1.8773769974708556
8480,4070880,194,15.897909480000001,1.2843847751617432,-0.00909526702016592,1.9450339913368224
8500,4080480,194,15.455645000000002,1.2853028774261475,-0.0006512461230158805,6.1605823040008545
8520,4090080,194,16.1789896,1.2842535614967345,0.0003851106390357018,15.716397070884705
8540,4099680,194,14.953009260000002,1.284679901599884,-0.0016847118735313416,3.015324056148529
8560,4109280,194,14.70243691,1.2848801374435426,0.004746861942112446,6.156166028976441
8580,4118880,194,16.698693220000003,1.2852604985237122,-0.01118759959936142,4.218861058354378
8600,4128480,194,16.15321912,1.2851584315299989,0.007132119685411453,6.255371379852295
8620,4138080,194,19.53462068,1.2847661018371581,-0.004351054551079869,6.022854334115982
8640,4147680,194,13.182239090000001,1.2856399536132812,-0.004895634949207306,12.566705751419068
8660,4157280,194,12.9379755,1.2852020978927612,0.011290779430419206,13.043622899055482
8680,4166880,194,17.589817299999996,1.284325861930847,-0.005246030539274216,4.469877502322197
8700,4176480,194,19.190891139999998,1.284209668636322,-0.0020622926764190196,8.398012638092041
8720,4186080,194,19.53769731,1.2841496825218202,0.016678491979837416,3.459483030438423
8740,4195680,194,20.37242116,1.2820809841156007,-0.003377845138311386,1.1133651614189148
8760,4205280,194,21.35886477,1.281061577796936,-0.002518905699253082,6.126856735348701
8780,4214880,194,16.13770203,1.2809046149253844,0.006500525027513504,6.270266300439834
8800,4224480,194,15.026666139999998,1.2812599420547486,-0.0008401282131671906,4.643064510822296
8820,4234080,194,20.877609249999995,1.2813121676445007,-0.010639669373631477,7.959923821687698
8840,4243680,194,19.879177710000004,1.2804748177528382,-0.012683571688830853,12.415939235687256
8860,4253280,194,15.119764460000004,1.2816049575805664,0.0014137068297713994,7.750487923622131
8880,4262880,194,20.615834550000002,1.2813255190849304,0.0022212401032447814,6.01567679643631
8900,4272480,193,17.79319757,1.281533908843994,-0.0029721885919570925,6.06015522480011
8920,4282080,193,13.99629361,1.2811194896697997,-0.003208574280142784,6.645847651362419
8940,4291680,193,18.704245869999994,1.28139625787735,0.0013473458122462035,22.516493225097655
8960,4301280,193,16.76867776,1.2807192206382751,0.00019942894577980043,1.8611098647117614
8980,4310880,193,18.39998739,1.2808980107307435,-0.006244839914143085,3.4192521214485168
9000,4320480,193,17.74952595,1.281119740009308,-0.011544973403215409,8.188791167736053
9020,4330080,193,16.10769057,1.2821461081504821,-0.008697585389018058,12.654766178131103
9040,4339680,193,19.33477677,1.282206118106842,-0.0004763755947351456,8.182600319385529
9060,4349280,193,15.638278499999998,1.2822022795677186,0.005136935226619244,8.591544932126999
9080,4358880,193,13.68581095,1.2829764366149903,-0.00512099452316761,4.180531692504883
9100,4368480,193,20.275790060000002,1.2835305452346801,-0.008728406950831413,19.21622439622879
9120,4378080,193,17.92218735,1.2822322964668273,0.006231904774904251,19.999609822034834
9140,4387680,193,18.18553219,1.2814999103546143,-0.0008545290678739548,2.8820744544267654
9160,4397280,193,13.817949310000001,1.2822300791740417,0.003741054888814688,16.67810915708542
9180,4406880,193,16.92226271,1.2825782895088196,0.0017981823533773423,4.261757412552834
9200,4416480,193,14.307816449999997,1.2821133613586426,2.4826452136039735e-05,2.5698738574981688
9220,4426080,193,15.8822825,1.2821432828903199,-0.008782370202243327,11.4752406001091
9240,4435680,193,17.7594438,1.283491313457489,-0.008754492085427047,2.3324585914611817
9260,4445280,192,20.854096289999998,1.2842933773994445,0.005639504641294479,5.847293829917907
9280,4454880,192,16.03670337,1.2840769171714783,-0.0037236335470879566,2.148061692714691
9300,4464480,192,18.94802008,1.2850425362586975,-0.003665635595098138,22.71419758796692
9320,4474080,192,17.422324229999997,1.285705065727234,0.00459819957613945,5.009692931175232
9340,4483680,192,15.87274902,1.2868152618408204,-0.0033691710326820613,12.355439555644988
9360,4493280,192,14.083196869999997,1.2875629782676696,0.0075188614428043365,13.740180081129074
9380,4502880,192,13.815310920000002,1.2868853092193604,-0.005852438602596521,12.745877933502197
9400,4512480,192,13.84491849,1.2872250199317932,-0.012535353377461433,5.140911501646042
9420,4522080,192,19.62095809,1.2880552530288696,0.0011096514761447906,5.418588650226593
9440,4531680,192,17.82725471,1.2874282360076905,-0.009510115231387317,0.35686543881893157
9460,4541280,192,16.023624459999997,1.2871832847595215,-0.008838462829589843,15.255116826295852
9480,4550880,192,19.366762,1.287386667728424,0.007477405294775963,16.890717363357545
9500,4560480,192,21.248039530000007,1.2868663787841796,0.0004895910620689392,8.336093264818192
9520,4570080,192,17.05120684,1.2855584263801574,0.0067237526644021274,30.08135756254196
9540,4579680,192,16.95428274,1.285957157611847,-0.014381246268749237,3.525722922384739
9560,4589280,192,17.76038301,1.2865058660507203,-0.005462952051311731,18.340108494460583
9580,4598880,192,14.95485316,1.2866082310676574,-0.007088267803192138,1.4952212691307067
9600,4608480,192,14.100374449999999,1.2869144082069397,-0.001582781970500946,18.39181251525879
9620,4618080,191,19.1021264,1.2867646098136902,-0.007422967255115509,5.118770521879196
9640,4627680,191,23.294481429999998,1.2873366713523864,-0.007182364165782928,0.4315373204648495
9660,4637280,191,22.6243101,1.2870331406593323,-0.006185435876250267,7.94145182967186
9680,4646880,191,21.469350449999997,1.2865275859832763,-0.00906063187867403,0.626170688867569
9700,4656480,191,22.056001919999993,1.2866745948791505,-0.004558254778385162,0.7541187383234501
9720,4666080,191,20.934733,1.2870829701423645,-0.0031483851373195646,16.24226609766483
9740,4675680,191,23.76665388,1.2857622027397155,0.0010848458856344222,0.7474977880716324
9760,4685280,191,20.435273609999996,1.2850319981575011,-0.001543920487165451,15.185129410028457
9780,4694880,191,20.473348220000002,1.2851491689682006,0.0008060768246650696,8.762385535240174
9800,4704480,191,15.96535537,1.284451162815094,-0.006735951825976372,1.2815596640110016
9820,4714080,191,15.64150864,1.2835930824279784,-0.008461013626947534,35.94312810897827
9840,4723680,191,18.352921310000003,1.2842880249023438,0.002803264744579792,21.335181856155394
9860,4733280,191,17.88474837,1.2846335768699646,-0.0007384814321994782,23.01466031074524
9880,4742880,191,14.185861189999999,1.2842222690582275,-0.0006413929164409638,14.123270350694657
9900,4752480,191,17.20753935,1.284252369403839,0.0010344397276639938,9.988655316829682
9920,4762080,191,15.174402870000002,1.2844151258468628,0.005195658653974533,16.74509816169739
9940,4771680,191,15.64883405,1.2851445198059082,0.005951196700334549,12.931315207481385
9960,4781280,191,17.05105512,1.2848029732704163,-0.0036292441189289095,7.8787642300128935
9980,4790880,190,13.789702169999998,1.2848030209541321,0.004733301885426045,12.570589527487755
10000,4800480,190,17.34380807,1.2856140851974487,-0.004126318683847785,5.560377252101898
10020,4810080,190,15.959295379999999,1.2860891699790955,-0.0034211814403533936,7.339940023422241
10040,4819680,190,16.750228050000004,1.285818386077881,-0.006742962682619691,14.36305046081543
10060,4829280,190,12.442706309999998,1.2857478857040405,-0.004347841441631317,31.962795543670655
10080,4838880,190,17.95734412,1.2858108878135681,-0.0013033427298069001,5.116597607731819
10100,4848480,190,19.150444189999998,1.2850559592247008,0.00367244528606534,14.172746795415879
10120,4858080,190,16.08202322,1.285279428958893,-0.015604775166139007,0.781407219171524
10140,4867680,190,19.13579252,1.2853246092796327,-0.004976493585854769,20.933931350708008
10160,4877280,190,18.7799602,1.284652626514435,-0.0016781717538833618,17.591659021377563
10180,4886880,190,20.50475989,1.2840913772583007,-0.010556543618440628,3.4469523787498475
10200,4896480,190,20.782648200000004,1.2848430633544923,0.0037708401679992674,13.766115707159042
10220,4906080,190,15.446578640000002,1.2853243112564088,-0.006071213632822037,6.6987057536840435
10240,4915680,190,15.389743689999998,1.2871604323387147,-0.008017157018184663,8.679461333155633
10260,4925280,190,16.25099763,1.2868668913841248,-0.004632540605962276,23.823483768105508
10280,4934880,190,14.633222199999999,1.2871678233146668,-0.0029302820563316344,19.093699359893797
10300,4944480,190,14.96682398,1.2880012154579163,0.002904995530843735,2.853486156463623
10320,4954080,190,13.32466802,1.2880939364433288,0.006217875331640243,28.123655796051025
10340,4963680,190,16.626653509999997,1.288325846195221,0.003062136285007,5.61126434803009
10360,4973280,189,17.438549849999998,1.286777102947235,0.002228749915957451,13.758635640144348
10380,4982880,189,17.857100790000004,1.2872610807418823,-0.005019526183605194,11.642504262924195
10400,4992480,189,18.976392989999997,1.2866965413093567,-0.0028019452467560766,31.627383708953857
10420,5002080,189,19.936818909999996,1.287147092819214,-0.0004450865089893341,15.220003914833068
10440,5011680,189,21.109394189999993,1.2860992670059204,-0.009602723643183708,7.928005027770996
10460,5021280,189,19.310332999999996,1.2860779523849488,-0.015602276287972927,0.5354955732822418
10480,5030880,189,18.006544589999997,1.2861587047576903,-0.005364331603050232,6.624851936101914
10500,5040480,189,16.85935249,1.2871552228927612,-0.0063392527401447294,5.498173078894615
10520,5050080,189,20.24339168,1.286500132083893,-0.00927438959479332,7.416063965857029
10540,5059680,189,21.453940980000002,1.2864705681800843,-0.004766534641385078,1.3473284304142
10560,5069280,189,20.43065532,1.2849153876304626,0.002580185991246253,8.601313146948815
10580,5078880,189,21.92519858,1.2842264533042909,0.006299220421351492,7.59742092937231
10600,5088480,189,22.866268269999996,1.2843038439750671,-0.004748895391821861,2.7077886402606963
10620,5098080,189,21.059518460000003,1.2838891386985778,0.0003213629126548767,8.193543833494186
10640,5107680,189,14.90660167,1.283856415748596,-0.000862734392285347,20.945594948530196
10660,5117280,189,22.49107642,1.2843224287033081,-0.003545282781124115,9.634627318382263
10680,5126880,189,20.871629000000002,1.285159969329834,0.006224574893712998,2.04020271897316
10700,5136480,189,24.500344480000003,1.284497117996216,-0.0011126983910799027,1.1524305790662766
10720,5146080,189,23.55610608,1.2829721450805665,0.002073831856250763,7.222588515281677
10740,5155680,189,19.79312274,1.2830591320991516,0.0031278653652407227,19.78789165019989
10760,5165280,188,19.18239388,1.2829654812812805,0.008102365210652352,20.333395218849184
10780,5174880,188,19.22053669,1.2828391075134278,-0.0026369902305305006,10.234146147966385
10800,5184480,188,16.499952620000002,1.2825833678245544,-0.007858145982027054,7.837975198030472
10820,5194080,188,19.181612759999997,1.2830708622932434,-0.008995852060616016,3.483330400288105
10840,5203680,188,19.15421027,1.282418143749237,0.009467942174524069,21.714687156677247
10860,5213280,188,15.43949058,1.2827787756919862,-0.007324814051389694,23.674781799316406
10880,5222880,188,19.747147880000004,1.2826024174690247,0.006655563414096832,12.75729398727417
10900,5232480,188,18.712390170000003,1.2825904607772827,-0.007784323394298553,16.911979007720948
10920,5242080,188,16.88080968,1.282959759235382,-0.001807217299938202,1.2461176931858062
10940,5251680,188,19.777435139999998,1.2825572848320008,-0.0011978846741840243,4.367355716228485
10960,5261280,188,16.45620156,1.2823237538337708,-0.009865403920412064,11.11181319952011
10980,5270880,188,17.185669169999997,1.2827845573425294,-0.006707635894417763,7.9733954757452015
11000,5280480,188,19.9309108,1.2830634593963623,-0.002240453474223614,21.875588941574097
11020,5290080,188,18.643637509999998,1.2824280619621278,-0.008605866879224777,28.10186344385147
11040,5299680,188,15.466212050000001,1.2826746582984925,0.0012848457088693976,7.391204166412353
11060,5309280,188,17.41914061,1.2827580928802491,-0.00016319584101438523,17.952387714385985
11080,5318880,188,18.75691607,1.2830418825149537,-0.006039491482079029,14.231269311904907
11100,5328480,188,17.60130611,1.281894028186798,-0.01045326367020607,21.615920639038087
11120,5338080,188,21.989714049999996,1.2818846940994262,-1.5390850603580474e-05,7.429648116230965
11140,5347680,188,17.48636185,1.2822057723999023,0.002110970125067979,28.545777797698975
11160,5357280,188,18.37712657,1.281437087059021,0.002757713571190834,2.0241148591041567
11180,5366880,188,17.87867105,1.2813613295555115,-0.012956277653574943,12.420907443761825
11200,5376480,188,17.19220797,1.281966006755829,-0.0036774896085262298,14.825109991431237
11220,5386080,187,20.76807539,1.282106375694275,-0.005413465946912765,3.525096046924591
11240,5395680,187,20.544000459999996,1.2815515398979187,0.00042623057961463926,16.99902807176113
11260,5405280,187,16.524223510000002,1.2830711364746095,-0.0010771099478006363,8.238800239562988
11280,5414880,187,19.9778773,1.283771014213562,-0.0004476338624954224,8.35968424975872
11300,5424480,187,21.91414155,1.2833295702934264,-0.010798090742900968,0.2185088276863098
11320,5434080,187,15.814219480000002,1.2845045328140259,-0.012406660639680923,20.10935757756233
11340,5443680,187,17.045295799999998,1.2849286079406739,-0.004071216285228729,11.777393126487732
11360,5453280,187,16.43785517,1.2851874947547912,0.01256537288427353,4.169215738773346
11380,5462880,187,17.80338032,1.285568070411682,-0.007031428930349648,13.17470888197422
11400,5472480,187,16.41991508,1.2845239043235779,-0.009433218091726304,8.387246519327164
11420,5482080,187,15.534422979999999,1.284158170223236,-0.0013674918562173843,4.948620933294296
11440,5491680,187,19.90287172,1.2829765200614929,-0.006236158870160579,11.746289896965028
11460,5501280,187,16.263812820000002,1.28192378282547,-0.004119212925434113,22.84782646894455
11480,5510880,187,20.31118808,1.2822423577308655,0.00361817441880703,7.644541597366333
11500,5520480,187,21.417616940000002,1.2822448015213013,-0.006298442184925079,6.162279200553894
11520,5530080,187,17.69488915,1.2824774503707885,-0.0061793820932507515,8.834529721736908
11540,5539680,187,20.27147361,1.2816197991371154,0.007585109770298004,8.9125608086586
11560,5549280,187,22.88870825,1.2816781401634216,0.0002696029841899872,2.7973983943462373
11580,5558880,187,18.272473480000002,1.281751000881195,0.0024583205580711366,9.625019192695618
11600,5568480,187,19.429534989999997,1.2820596814155578,-0.0029429271817207336,13.576818335056306
11620,5578080,187,20.60039749,1.2811726570129394,0.0031823772937059403,6.5291335105896
11640,5587680,187,19.22374364,1.281036126613617,-0.001809430867433548,6.433379852771759
11660,5597280,187,20.886387379999995,1.2814564108848572,-0.012171979766571894,0.6600422352552414
11680,5606880,187,22.891071400000005,1.281083881855011,-0.0007954362779855728,1.8118779003620147
11700,5616480,187,18.713479770000003,1.2814069271087647,-0.014217319339513779,4.497161760181188
11720,5626080,187,24.9262211,1.2800121307373047,-0.009174177795648575,4.17222240716219
11740,5635680,186,23.629368869999997,1.2794168591499329,-0.006968161463737488,22.193868112564086
11760,5645280,186,23.39546477,1.2792834281921386,-0.0058275356888771055,12.159595051407814
11780,5654880,186,22.23562489,1.2791625738143921,-0.0007865458726882934,11.583290004730225
11800,5664480,186,24.767170199999995,1.278442120552063,-0.01043571587651968,5.021242153644562
11820,5674080,186,23.188676349999994,1.2771316647529602,0.0007864966988563538,9.540721569210291
11840,5683680,186,21.471044499999998,1.2774534463882445,-0.0007261186838150024,18.372008436918257
11860,5693280,186,21.85715621,1.2769747495651245,-0.0007185488939285278,4.1622002720832825
11880,5702880,186,19.1445947,1.2783133506774902,-0.014193570939823985,14.622206974029542
11900,5712480,186,18.75225474,1.2778392434120178,0.004415761306881904,11.296579250693322
11920,5722080,186,19.34884647,1.2787186264991761,-0.004831947013735771,21.201317691802977
11940,5731680,186,23.519223760000003,1.278959608078003,0.07489098167279735,9.494699096679687
11960,5741280,186,19.87618849,1.2785990118980408,-0.009467694908380508,0.5986782044172287
11980,5750880,186,16.15024001,1.2778257489204408,-0.0038702547550201415,5.561054468154907
12000,5760480,186,21.165620499999996,1.2786919474601746,-0.0008017073385417461,17.72679151892662
12020,5770080,186,21.07279580999999,1.2791479587554933,-0.005517101008445024,15.181400829553604
12040,5779680,186,19.83424528,1.2790079355239867,-0.003335250751115382,4.4364180862903595
12060,5789280,186,22.349828900000002,1.2797250866889953,-0.00955253392457962,16.626381355524064
12080,5798880,186,20.50682753,1.2783907890319823,-0.007973980890528764,3.134133216738701
12100,5808480,186,16.63778891,1.2790056705474853,-0.004659979045391083,19.999209982156753
12120,5818080,186,19.92871857,1.2789769768714905,-0.0007978767156600952,2.5993367552757265
12140,5827680,186,20.48003455,1.2782419562339782,-0.008418647199869156,5.960148423910141
12160,5837280,186,25.447138159999998,1.2765085339546203,-0.00794346034526825,0.5671627908945084
12180,5846880,186,22.83339669,1.2763949513435364,-0.006093365140259266,5.465892964601517
12200,5856480,186,20.879811800000002,1.2765774250030517,0.021993881464004515,11.20709136724472
12220,5866080,186,20.971537220000002,1.276814842224121,0.00045028580352663995,8.293671035766602
12240,5875680,186,16.13134266,1.277054524421692,-0.0023071855306625367,7.821477690339089
12260,5885280,185,19.81857332,1.2763284206390382,-0.0032664714381098747,17.457800924777985
12280,5894880,185,16.51179605,1.2761035442352295,-0.001950441300868988,13.888691310584544
12300,5904480,185,22.752642269999992,1.2748580813407897,0.009251844510436058,0.7763133808970452
12320,5914080,185,19.189513190000003,1.2744099259376527,0.001151532679796219,3.2623084127902984
12340,5923680,185,20.17265186,1.2744073152542115,0.01027095913887024,22.275263625383378
12360,5933280,185,15.505795879999999,1.2749902129173278,-0.0004423040896654129,12.665072631835937
12380,5942880,185,14.458943620000003,1.274659240245819,0.0003225069958716631,12.98972179889679
12400,5952480,185,17.46922425,1.274384367465973,-0.00783870741724968,7.17156617641449
12420,5962080,185,20.193583959999998,1.2738503694534302,-0.0017586565154488198,12.365504908561707
12440,5971680,185,18.74676338,1.274134361743927,-0.002881135791540146,8.097798037528992
12460,5981280,185,17.966169639999997,1.273917055130005,0.0011299973935820161,15.165384435653687
12480,5990880,185,16.012383979999996,1.274253499507904,-0.00770280696451664,10.83524193763733
12500,6000480,185,21.032943690000003,1.2741018891334535,0.006998190283775329,12.185660195350646
12520,6010080,185,21.04556015,1.2726572394371032,0.0006638601422309876,7.674410790205002
12540,6019680,185,16.5671818,1.2728492379188538,-0.011560236290097236,5.549239936470985
12560,6029280,185,18.24955252,1.2731287240982057,-0.00018117870204150676,20.93960750102997
12580,6038880,185,21.496143149999998,1.2736346244812011,-0.002438552351668477,13.275581502914429
12600,6048480,185,22.558959849999994,1.272654116153717,0.010471198480809107,11.133068346977234
12620,6058080,185,18.57602822,1.2730203151702881,0.006087498273700476,2.7729176342487336
12640,6067680,185,23.573816550000007,1.2725293278694152,-0.0120983911678195,0.39910672456026075
12660,6077280,185,25.007671249999998,1.2716925501823426,-0.0038810262805782257,0.5101851999759675
12680,6086880,185,18.201140540000004,1.2714034914970398,-0.0062635354697704315,1.203951460123062
12700,6096480,185,20.03495732,1.2720696806907654,-0.005330562603194267,1.0504931926727294
12720,6106080,185,22.790889979999996,1.2719043254852296,-0.006346333399415016,3.473803186416626
12740,6115680,184,20.623308729999998,1.272370207309723,0.005226119654253125,17.550800156593322
12760,6125280,184,21.01665072,1.2723540544509888,-0.008305291086435318,7.823129886388779
12780,6134880,184,16.93580483,1.2730864405632019,0.0018988292664289474,14.155399560928345
12800,6144480,184,17.26341789,1.273178267478943,-0.005912793637253344,16.135008856654167
12820,6154080,184,17.62302102,1.2729745745658874,0.011267799139022826,30.496002531051637
12840,6163680,184,15.72498102,1.273932731151581,-0.0075881101191043855,10.485783979296684
12860,6173280,184,17.645341320000004,1.2737806558609008,-0.003620908781886101,8.376914143562317
12880,6182880,184,17.3878177,1.2737903714179992,-0.008959156274795533,1.2651460766792297
12900,6192480,184,18.45203858,1.27456876039505,0.0019057758152484893,1.11712127327919
12920,6202080,184,19.97896531,1.2747626900672913,-0.011914229393005371,9.704194056987763
12940,6211680,184,21.73629483,1.2751322746276856,-0.004085010290145874,0.3796759590506554
12960,6221280,184,22.21836818,1.2744272589683532,-0.010063467733561992,0.35561555474996565
12980,6230880,184,18.89423143,1.273886501789093,-0.0040919769555330275,14.321589797735214
13000,6240480,184,22.09481923,1.2747188568115235,-0.007946985960006713,8.984769470989704
13020,6250080,184,22.108877460000002,1.2740064978599548,-0.00943090170621872,8.741509255766868
13040,6259680,184,21.725444890000002,1.2742590665817262,-0.005472482368350029,0.8126713559031487
13060,6269280,184,21.14785667,1.2733568906784059,-0.013843407295644284,4.578146938979626
13080,6278880,184,21.858861070000003,1.2721955060958863,-0.012196761369705201,7.562751039862633
13100,6288480,184,19.549729260000003,1.2724120140075683,-0.006991848722100258,15.692833626270295
13120,6298080,184,20.101733030000002,1.272089660167694,-0.00949395764619112,3.1323247879743574
13140,6307680,184,22.996975950000007,1.2711438894271851,-0.0001624375581741333,7.917308282852173
13160,6317280,184,21.352431579999998,1.2699669361114503,-0.0031092021614313125,1.0264884009957314
13180,6326880,184,20.60732992,1.2699866771697998,0.005944746732711792,8.177056883275508
13200,6336480,184,19.365944340000002,1.270506751537323,-0.006918928679078817,2.4194785594940185
13220,6346080,183,24.293196120000008,1.2700096249580384,0.0013104423880577088,6.614948895573616
13240,6355680,183,24.08433202,1.2696226716041565,-0.005469464359339327,5.492378342151642
13260,6365280,183,22.983667539999992,1.270066261291504,-0.002836165577173233,9.881912991404533
13280,6374880,183,25.99855595,1.2698351383209228,-0.018427418172359468,0.17195362448692322
13300,6384480,183,25.882066469999998,1.268301296234131,-0.000986228883266449,12.846753761172295
13320,6394080,183,23.191818220000002,1.2670538187026978,-0.00018941760063171387,2.299697259068489
13340,6403680,183,24.957654759999997,1.2678185820579528,-0.005959267169237137,6.017021334171295
13360,6413280,183,24.142932469999995,1.267864215373993,-0.005527465045452118,14.09149270504713
13380,6422880,183,23.969211100000003,1.2678644180297851,-0.007449007034301758,0.6322040021419525
13400,6432480,183,21.366768630000006,1.2674031496047973,-0.007749979197978973,7.265881526470184
13420,6442080,183,21.967472930000003,1.2681852579116821,-0.0013988815248012544,5.665869495272636
13440,6451680,183,20.518809109999996,1.2665659546852113,-0.01277963100001216,3.7924325823783875
13460,6461280,183,22.46314198,1.2665436387062072,0.010816285014152527,14.214415651559829
13480,6470880,183,19.396424949999997,1.2661163806915283,0.014413634315133095,17.235718470811843
13500,6480480,183,25.06023117,1.2657522559165955,-0.014223951287567616,0.4728339359164238
13520,6490080,183,23.28552233,1.2656895875930787,-0.013885327521711588,0.2385756179690361
13540,6499680,183,25.352122859999998,1.2651788711547851,-0.008910332620143891,0.28392797261476516
13560,6509280,183,20.914971109999996,1.2652483940124513,-0.013045978732407093,0.6840698033571243
13580,6518880,183,21.048386190000002,1.2652286529541015,-0.005521318316459656,7.832243251800537
13600,6528480,183,23.437816769999998,1.2653263449668883,-0.003080610930919647,8.628775310516357
13620,6538080,183,21.78533439,1.265082597732544,0.010177704319357873,24.210139179229735
13640,6547680,183,18.4126839,1.2650614142417909,-0.0034445045981556176,20.484327602386475
13660,6557280,183,19.0671788,1.2645116448402405,0.0011048007756471634,28.33209648132324
13680,6566880,183,20.79241592,1.2651005744934083,-0.005446232482790947,0.6753535300493241
13700,6576480,183,20.073505400000002,1.2646361112594604,-0.004598191380500794,13.688714762032031
13720,6586080,182,19.74105054,1.2632848620414734,-0.009044499276205898,10.98927944302559
13740,6595680,182,20.66214423,1.2627201437950135,-0.00809267477307003,6.866460859775543
13760,6605280,182,25.36911462,1.2617554903030395,-0.005211679637432099,4.277074910700321
13780,6614880,182,24.52295671,1.2622750401496887,-0.005998679250478744,8.421455372869968
13800,6624480,182,20.434341319999998,1.2616183400154113,-0.006119481334462762,0.5285116389393807
13820,6634080,182,24.583086559999998,1.2617189168930054,0.003467707335948944,6.540158367156982
13840,6643680,182,24.072676859999998,1.2603495121002197,-0.0022535324096679688,8.45057944059372
13860,6653280,182,20.070656200000002,1.261275625228882,-0.007146947493311018,16.673363292217253
13880,6662880,182,19.91822191,1.2614735245704651,0.0001324206590652466,7.206832003593445
13900,6672480,182,19.60310089,1.262085497379303,-0.005694510042667389,7.775816956162453
13920,6682080,182,19.55496092,1.2619741201400756,-0.00519875343888998,28.07243455648422
13940,6691680,182,24.7185952,1.260339093208313,-0.011554767191410065,0.6603113263845444
13960,6701280,182,21.02600247,1.2597124338150025,0.0015851371921598912,16.242028212547304
13980,6710880,182,23.504072,1.2586255550384522,-0.00736062154173851,8.409830296039582
14000,6720480,182,23.987842980000003,1.2577891945838928,-0.004243092983961106,6.7424192070961
14020,6730080,182,24.86715871,1.2568319201469422,-0.0001087728887796402,28.91625909805298
14040,6739680,182,20.730352200000002,1.256255078315735,-0.0010838642716407775,14.519172298908234
14060,6749280,182,20.23168581,1.2555817246437073,-0.0015099458396434784,6.763143771141768
14080,6758880,182,23.802221029999995,1.2561025857925414,-0.002642277628183365,8.6607995480299
14100,6768480,182,24.23951371,1.2539039254188538,-0.00274202823638916,7.778204117715359
14120,6778080,182,19.4709064,1.2535189032554626,-0.003022221475839615,7.539868791773915
14140,6787680,182,18.90527152,1.2534701108932496,0.016112892649834974,8.685601937770844
14160,6797280,182,18.366650510000003,1.254380965232849,0.004164052940905094,29.461416053771973
14180,6806880,182,21.00891276,1.2537183880805969,0.002882830798625946,9.387157932668924
14200,6816480,182,20.12114959,1.253027856349945,-0.006374093145132065,0.758137223124504
14220,6826080,182,21.030906360000003,1.2532212853431701,0.0007953360676765442,21.29699649810791
14240,6835680,182,18.95267936,1.2536514043807983,-0.0003930814564228058,6.840459394454956
14260,6845280,182,16.75893538,1.2537149786949158,-0.005859816819429398,19.652542716264726
14280,6854880,182,18.229432159999998,1.2531237483024598,-0.011625999771058559,14.519884625077248
14300,6864480,181,15.248839510000003,1.2539504170417786,-0.0034521842375397683,29.5172899723053
14320,6874080,181,16.51600992,1.2542190194129943,0.011129573360085488,13.058732557296754
14340,6883680,181,22.472679959999997,1.2543161988258362,-0.0018203344574430958,10.693547630310059
14360,6893280,181,23.224642839999998,1.254234504699707,-0.000783247291110456,0.8406836062669754
14380,6902880,181,22.958775959999997,1.2546050310134889,-0.0061364172026515005,0.3621860042214394
14400,6912480,181,23.480377519999998,1.253696322441101,0.0021745383739471434,1.710647851228714
14420,6922080,181,25.34480549,1.2521949648857116,0.0073027793318033215,1.836311826109886
14440,6931680,181,24.91582864,1.2524054050445557,-0.012942567281425,0.37692791521549224
14460,6941280,181,24.27554377,1.25127831697464,-0.001354064792394638,8.237108197808265
14480,6950880,181,23.592102800000003,1.251742696762085,-0.006252231192775071,0.559658408164978
14500,6960480,181,24.84417606,1.2500613451004028,0.0014827298931777478,1.0529730752110482
14520,6970080,181,24.002930400000004,1.2503784894943237,-0.005092807486653328,6.5225223243236545
14540,6979680,181,20.87658261,1.2521198034286498,0.003298482298851013,9.73023296520114
14560,6989280,181,22.336280509999998,1.2520551204681396,-0.011562323570251465,12.438320326805115
14580,6998880,181,21.956926109999998,1.2512735843658447,0.00046697035431861875,10.803945398330688
14600,7008480,181,22.168058390000002,1.2513723015785216,-0.00931105324998498,0.3466348066926003
14620,7018080,181,23.005887270000002,1.2513091921806336,-0.006411438819486648,0.6976463168859481
14640,7027680,181,19.909036269999998,1.2507875084877014,-0.006481627374887467,19.354245674610137
14660,7037280,181,21.20840594,1.2506547093391418,-0.004272072017192841,14.896963754296303
14680,7046880,181,21.566797949999994,1.2501691699028015,-0.0077270051464438435,6.732693365216255
14700,7056480,181,22.539392860000003,1.2493971943855287,-0.014915171451866627,0.25190974548459055
14720,7066080,181,18.80861548,1.2490566730499268,-0.0156190718524158,12.429699189960957
14740,7075680,181,19.89288963,1.248966383934021,0.031383396685123445,8.355907720327377
14760,7085280,181,24.618879109999998,1.2475533723831176,0.001955894660204649,0.844151109457016
14780,7094880,181,23.79137838,1.2475017666816712,-0.011145925149321556,0.38245854526758194
14800,7104480,181,20.18547141,1.2486113071441651,0.011011421214789152,16.376972126960755
14820,7114080,181,21.81506035,1.2484957575798035,-0.0029861662536859513,1.9572478085756302
14840,7123680,181,23.606400529999995,1.2482764959335326,-0.005952659784816206,0.42002723813056947
14860,7133280,181,19.817089460000005,1.2474776744842528,-0.00603385716676712,7.232026167213917
14880,7142880,181,21.034346589999995,1.2474878907203675,0.004447070509195327,8.553458769991995
14900,7152480,180,20.27160093,1.2474399924278259,-0.009668292105197906,9.13107168674469
14920,7162080,180,22.654674810000003,1.2479160666465758,-0.01315958620980382,0.29602294862270356
14940,7171680,180,24.59538455,1.2474175095558167,-0.0009469805780099704,0.9654345005750656
14960,7181280,180,24.593136599999998,1.2481333136558532,-0.007908312231302261,0.3964694783091545
14980,7190880,180,24.697442599999995,1.246556282043457,0.007440682500600815,3.0081173837184907
15000,7200480,180,22.764058869999996,1.2457553386688232,0.0008679047226905823,1.047253005206585
15020,7210080,180,22.774796419999998,1.245776617527008,0.01670976059976965,1.9455958768725394
15040,7219680,180,21.17023486,1.246904158592224,-0.00040090605616569517,6.884030093252659
15060,7229280,180,24.42078552,1.246519386768341,-0.00818953588604927,7.807370452582836
15080,7238880,180,20.2604034,1.2470767974853516,-3.9760768413543704e-05,8.066168313473463
15100,7248480,180,20.812934100000003,1.2466639041900636,0.0028132785111665724,16.63662209510803
15120,7258080,180,20.548381280000005,1.2463082075119019,-0.003447112441062927,4.192738527059555
15140,7267680,180,23.265453709999996,1.2460803627967834,-0.00140656977891922,14.923173478245735
15160,7277280,180,21.284834070000002,1.2463556408882142,-0.01655308303888887,0.1018893226981163
15180,7286880,180,22.115069440000006,1.2458382725715638,0.009417955949902534,15.230981619656086
15200,7296480,180,19.54173433,1.2461857199668884,-0.003964351117610931,1.787249207496643
15220,7306080,180,20.35659492,1.2444271922111512,-0.012611032277345658,3.928097853809595
15240,7315680,180,19.37955461,1.243156373500824,-0.006208265153691173,4.149943459033966
15260,7325280,180,19.750081140000002,1.2442899584770202,-0.001461738720536232,2.6907346665859224
15280,7334880,180,20.38069867,1.2442010521888733,-0.0033821649849414825,6.5340247511863705
15300,7344480,180,22.635274379999995,1.2434236764907838,0.0017933434806764125,0.6073196277022361
15320,7354080,180,24.298332630000004,1.242772603034973,-0.012349283881485462,0.3314963668584824
15340,7363680,180,22.706500189999996,1.242319941520691,-0.009531646221876144,8.378987181186677
15360,7373280,180,22.679526310000007,1.2418593645095826,-0.008418591320514679,11.869003368914127
15380,7382880,180,22.62930837,1.241559886932373,-0.004139722138643265,14.355067049711943
15400,7392480,180,20.1914005,1.2404745221138,-0.009226619452238082,0.8426789849996567
15420,7402080,180,21.144117689999998,1.240472400188446,-0.0027690812945365905,15.933003437519073
15440,7411680,180,15.762558329999997,1.2409043431282043,0.003639119758736342,4.775092828273773
15460,7421280,180,21.31854111,1.2403775453567505,0.00990733876824379,1.0753082737326622
15480,7430880,180,17.336354850000003,1.2404168963432312,-0.011539080490911147,3.3281665712594988
15500,7440480,180,17.589430469999996,1.240445649623871,0.0024744623340666296,17.576020812988283
15520,7450080,180,15.851765239999999,1.239676308631897,-0.00683763469569385,15.997660291194915
15540,7459680,180,16.12376222,1.23962322473526,-0.013029314950108528,0.7242037922143936
15560,7469280,180,17.443871939999994,1.239161241054535,0.003098957613110542,22.269364255666733
15580,7478880,179,18.78110619,1.239239501953125,-0.005986267514526844,14.515066820383073
15600,7488480,179,16.998870569999998,1.2400146007537842,0.0004056788980960846,9.852075552940368
15620,7498080,179,17.952054469999997,1.2403212904930114,-0.003953726589679718,11.519307442009449
15640,7507680,179,17.9471946,1.239905798435211,0.01096630170941353,4.953654415905476
15660,7517280,179,14.323765560000002,1.2391892194747924,0.0050916653126478195,2.9058526873588564
15680,7526880,179,16.52384188,1.2370561718940736,-0.005253119766712189,5.560284531116485
15700,7536480,179,15.8057148,1.2358748316764832,-0.0037616677582263947,10.250535488128662
15720,7546080,179,16.513783009999997,1.2356292128562927,0.005399476736783981,5.781699550151825
15740,7555680,179,15.515140399999998,1.2356548190116883,-0.008780526462942362,5.816199833154679
15760,7565280,179,21.40989264,1.2354263663291931,-0.010203934833407402,1.7886526495218278
15780,7574880,179,18.894103329999997,1.235299015045166,-0.00015479475259780884,13.080859422683716
15800,7584480,179,20.21624937,1.2347795367240906,-0.004175657406449318,1.9938114404678344
15820,7594080,179,23.41189531,1.2344320297241211,-0.003318829834461212,5.952290877699852
15840,7603680,179,21.650777440000002,1.2337816119194032,-0.007875963859260083,2.9900161385536195
15860,7613280,179,23.899865320000004,1.2331904888153076,0.0031695656478405,1.4005898728966713
15880,7622880,179,24.706635350000003,1.2347023606300354,0.002468154579401016,0.8301964282989502
15900,7632480,179,24.16405307,1.2331741094589233,0.004167555505409837,3.7261099934577944
15920,7642080,179,24.368143650000007,1.2322945475578309,0.0008848920464515686,7.093639146536589
15940,7651680,179,22.267806359999998,1.23208909034729,-0.008129645325243472,0.9381525084376335
15960,7661280,179,24.297062000000004,1.2319016933441163,-0.00225141029804945,0.9122363269329071
15980,7670880,179,23.87837865,1.2313683032989502,-0.02356084582861513,11.038677969574929
16000,7680480,179,24.8391628,1.2291176438331604,-0.008558725705370307,0.4124230116605759
16020,7690080,179,26.65432801,1.2290621995925903,-0.005937742441892624,1.1562021270394325
16040,7699680,179,24.886002410000007,1.2293378591537476,-0.003967961296439171,0.6085179790854454
16060,7709280,179,25.421172730000002,1.2296568274497985,-0.008679839223623276,0.29167040437459946
16080,7718880,179,23.997363559999993,1.2291874289512634,-0.019080408662557603,9.618884932994842
16100,7728480,179,22.57749251,1.228266453742981,-0.008269622141961008,17.40785408616066
16120,7738080,179,20.10667198,1.22937673330307,-0.006641749478876591,0.5117240585386753
16140,7747680,179,19.47114697,1.2286928057670594,0.0025832854211330415,0.5057179816067219
16160,7757280,179,19.642347799999996,1.2300812005996704,0.0013238929212093353,8.842198564112186
16180,7766880,179,18.82186925,1.2298617720603944,-0.0022149771451950074,2.920101609826088
16200,7776480,179,20.942150079999998,1.2295994281768798,-0.011371883004903794,6.1185552954673765
16220,7786080,179,18.759766629999998,1.229507529735565,0.00232145469635725,0.5130785793066025
16240,7795680,179,19.7633968,1.2287206530570984,-0.0002298720180988312,13.088625574111939
16260,7805280,179,18.08375468,1.228570294380188,-0.00820368155837059,0.5002340227365494
16280,7814880,179,18.98915416,1.2289846301078797,0.00030831379117444155,0.9400948345661163
16300,7824480,179,19.379086290000004,1.2285217881202697,0.007859765738248824,20.337317180633544
16320,7834080,179,21.37763251,1.2281667590141296,-0.0027851730585098265,25.279287207126618
16340,7843680,179,20.55405871,1.2278644442558289,0.00379154338297667,0.6681812584400177
16360,7853280,178,22.678844400000003,1.2282256960868836,-0.0033263534307479857,0.20523585751652718
16380,7862880,178,18.38826035,1.2271328091621398,0.006268291920423508,14.750570338964462
16400,7872480,178,22.297930439999995,1.2268243670463561,0.003225015103816986,5.653888994455338
16420,7882080,178,20.9169164,1.2268954753875732,-0.0047600407153367994,0.7412840887904167
16440,7891680,178,23.304554829999994,1.2279921054840088,-0.0030656673014163973,0.2373937264084816
16460,7901280,178,24.243154270000005,1.2274441242218017,-0.015220312029123306,8.720774115622044
16480,7910880,178,24.596617479999995,1.227238368988037,0.01269133910536766,8.088420850038528
16500,7920480,178,21.825330570000002,1.227056872844696,-0.00960134705528617,2.0146841943264007
16520,7930080,178,20.47750862,1.2269074201583863,-0.0008869790472090244,1.300638699531555
16540,7939680,178,26.700349699999997,1.2258115530014038,-0.012937156111001968,0.6050699114799499
16560,7949280,178,22.808577760000002,1.2264089465141297,-0.005212137335911393,0.9576048403978348
16580,7958880,178,22.866425949999996,1.22574622631073,0.005079215439036488,8.994418203830719
16600,7968480,178,23.156096719999997,1.2261613249778747,-0.0021679982542991637,20.293817567825318
16620,7978080,178,22.49674109,1.2254454612731933,-0.009253033995628357,8.17937929481268
16640,7987680,178,23.52006615,1.2261153697967528,-0.00013542510569095612,1.1378072038292886
16660,7997280,178,21.58118537,1.2244441270828248,-0.011304712295532227,11.273263877630233
16680,8006880,178,23.07632664,1.2247427821159362,-0.005769573152065277,0.9539624154567719
16700,8016480,178,24.390123689999996,1.2243693590164184,-0.002134043723344803,14.569779133796692
16720,8026080,178,19.68110353,1.2254361033439636,-0.001781187206506729,8.325028632953764
16740,8035680,178,22.809166969999996,1.2246559500694274,-0.002143701910972595,3.9833970203995706
16760,8045280,178,22.909576450000003,1.2241993188858031,0.01158866100013256,23.44630455970764
16780,8054880,178,22.49685931,1.2225120902061462,-0.010438556224107743,12.450862407684326
16800,8064480,178,20.657409310000002,1.2221918940544128,-0.01090291067957878,10.624998152256012
16820,8074080,178,21.52351847,1.222435510158539,-0.0014280155301094055,5.371374835073948
16840,8083680,178,21.08262655,1.2222675800323486,0.000662192702293396,7.866709846258163
16860,8093280,178,19.992220160000002,1.2237752676010132,-0.005781602486968041,13.487759923934936
16880,8102880,178,20.7402842,1.2234726428985596,-0.010831865668296813,7.407210278511047
16900,8112480,178,25.46647229,1.2210374832153321,-0.001730886660516262,0.6821094110608101
16920,8122080,178,24.78565037,1.2205049633979796,-0.014583165384829044,0.3265172511339188
16940,8131680,178,22.551057840000002,1.2202728152275086,-0.0005051016807556153,8.454223199188709
16960,8141280,178,20.74498701,1.2195909380912782,0.010245158337056637,0.9904231160879136
16980,8150880,178,23.7744852,1.2195527315139771,-0.005835892260074615,5.897969561815262
17000,8160480,178,23.410189609999996,1.2193050503730773,-0.004015769809484482,4.905319485068321
17020,8170080,178,23.049660559999992,1.2194705486297608,-0.005871998891234398,0.2518030643463135
17040,8179680,178,24.002524530000002,1.2196759700775146,-0.013952861132565886,0.2882859230041504
17060,8189280,178,24.49562101,1.2185246229171753,-0.0013898607343435288,2.9359404504299165
17080,8198880,178,23.479319379999996,1.2166575193405151,0.006821948289871216,4.797673779726028
17100,8208480,178,23.2901243,1.2170485973358154,-0.014406059496104717,0.26902533024549485
17120,8218080,178,19.331639099999997,1.2155937790870666,-0.0046651199460029606,4.344778287410736
17140,8227680,178,21.477553029999996,1.2162352442741393,-0.004669186845421791,3.9705839276313784
17160,8237280,178,21.498760179999998,1.2162309408187866,0.007380980253219605,3.235809105634689
17180,8246880,177,22.266347420000002,1.21532461643219,0.006085734814405441,15.643281781673432
17200,8256480,177,19.56793222,1.2150688767433167,-0.007485016994178295,0.9764670222997666
17220,8266080,177,21.417817750000008,1.215242326259613,-0.01096326783299446,5.614019283652306
17240,8275680,177,22.9316574,1.2147762775421143,0.001972047984600067,18.566337287425995
17260,8285280,177,21.473401510000002,1.21374409198761,-0.013015764951705932,3.5468405954539777
17280,8294880,177,18.77367127,1.2135549306869506,0.007120408094488084,1.7773777544498444
17300,8304480,177,23.22291871,1.2145174384117126,0.008273121435195208,0.8986597746610642
17320,8314080,177,23.56157401,1.2145158767700195,-0.0003984898328781128,9.196931825578213
17340,8323680,177,24.611769789999997,1.2144145369529724,-0.012831938359886408,13.858318078517915
17360,8333280,177,20.36016814,1.2147697925567627,-0.007764179538935423,1.3171554416418076
17380,8342880,177,24.128643210000003,1.2146121859550476,-0.018467837758362294,0.35713899284601214
17400,8352480,177,24.10504829,1.215036964416504,0.0035831078886985777,3.5740612730383874
17420,8362080,177,23.018294290000004,1.2139190673828124,-0.011800250876694918,0.6231541238725186
17440,8371680,177,22.604676029999997,1.2127218842506409,-0.003650549054145813,10.395356912910938
17460,8381280,177,18.909087500000002,1.213301682472229,-0.0002463173121213913,18.08305103778839
17480,8390880,177,21.617483540000002,1.2131433606147766,0.010796118898724671,16.220903837680815
17500,8400480,177,19.71088573,1.21135094165802,-0.0029570288956165315,19.52461643218994
17520,8410080,177,19.288164199999997,1.211912500858307,0.009624561388045549,15.606649732589721
17540,8419680,177,24.29771866,1.211236035823822,-0.007585924118757248,8.147350996732712
17560,8429280,177,23.326374829999995,1.2104902625083924,-0.006602747039869428,4.760045915842056
17580,8438880,177,21.89961706,1.210160529613495,-0.005699095875024795,0.4562556803226471
17600,8448480,177,23.05455625,1.2106448769569398,-0.000934436684474349,0.9748945027589798
17620,8458080,177,23.531192560000004,1.21183443069458,-0.005019266903400421,0.5772222310304642
17640,8467680,177,23.096962990000005,1.2112389922142028,-0.0013937417417764664,4.724742916971445
17660,8477280,177,23.120861920000003,1.2109106063842774,-0.006562485173344612,6.303822627663612
17680,8486880,177,22.309705909999998,1.2109164237976073,-0.0038761042058467867,7.045629361271859
17700,8496480,177,20.31315319,1.2113353848457336,-0.01582383057102561,0.15215052291750908
17720,8506080,177,18.61298468,1.211085820198059,-0.004594153771176934,3.8771214947104453
17740,8515680,177,16.959864080000003,1.2104438066482544,0.004052025824785232,7.3599005997180935
17760,8525280,177,20.68926314,1.21084144115448,0.0024385806173086166,13.605344007909299
17780,8534880,177,22.233606390000006,1.2110036611557007,-0.004045447893440723,1.9526311576366424
17800,8544480,177,21.381697709999997,1.2118874788284302,-0.011509104818105697,0.7279440730810165
17820,8554080,177,22.81834737,1.2127732992172242,0.005463147908449173,8.018739140033722
17840,8563680,177,23.654420639999998,1.2127267837524414,0.0055180594325065615,7.390808939933777
17860,8573280,177,21.009611300000003,1.2140037059783935,-0.005190137005411088,6.1335547924041744
17880,8582880,177,22.026608189999997,1.2144497752189636,0.006958175636827946,12.400626465678215
17900,8592480,177,22.86752346,1.213613998889923,-0.010185056831687689,1.6089178964495658
17920,8602080,177,23.568743880000003,1.2138127565383912,0.00042631328105926516,0.9379034817218781
17940,8611680,177,20.898833460000002,1.2130067586898803,-0.01000431627035141,7.497544330358505
17960,8621280,177,23.30646504,1.2120938658714295,-0.0002504676580429077,0.6504881165921688
17980,8630880,177,16.86601901,1.2119094252586364,-0.0024448320269584655,18.485532116889953
18000,8640480,177,21.158459899999997,1.2124190092086793,0.00046977698802948,9.486849772930146
18020,8650080,177,21.32864259,1.2123891830444335,0.00018938228022307156,15.007438659667969
18040,8659680,177,19.38452662,1.2120651006698608,-0.003301581274718046,6.069897806644439
18060,8669280,177,23.974524550000005,1.2115666270256042,-0.004547445476055146,1.4152143537998199
18080,8678880,177,21.653306289999996,1.212180757522583,0.010080819204449653,1.9972313225269318
18100,8688480,177,20.64681059,1.2114140391349792,-0.002770468592643738,11.61301543712616
18120,8698080,177,20.205287369999997,1.211018145084381,-0.0004010908305644989,5.652374611794949
18140,8707680,177,22.97691415,1.2104513883590697,0.001509280875325203,0.47852015495300293
18160,8717280,177,21.838626300000005,1.2109942078590392,-0.008061781711876392,0.36063443273305895
18180,8726880,176,21.598244949999994,1.211332666873932,-0.010395429283380508,0.29298304617404936
18200,8736480,176,21.758990340000004,1.2105501770973206,0.007076249271631241,8.97384296655655
18220,8746080,176,20.872547940000004,1.2105013966560363,0.0021286021918058397,19.00706295967102
18240,8755680,176,22.430283470000003,1.2090367078781128,-0.012619303166866302,1.5938115894794465
18260,8765280,176,23.275210389999998,1.2079013586044312,-0.002943026926368475,1.5284573674201964
18280,8774880,176,21.12936001,1.2078899621963501,0.001641421765089035,10.26155690252781
18300,8784480,176,21.449324730000004,1.2062674045562745,0.021315745636820795,20.493800687789918
18320,8794080,176,19.393257860000002,1.2055977702140808,-0.005721814185380936,11.214479941129685
18340,8803680,176,21.387011970000003,1.2054396867752075,-0.005248425155878067,19.420987951755524
18360,8813280,176,22.641727720000002,1.204354453086853,-0.006095567345619201,7.951256763935089
18380,8822880,176,21.474410500000005,1.2037083387374878,0.002347928803646937,2.546118925511837
18400,8832480,176,24.11963433,1.2032873392105103,-0.0009748101234436035,6.219366779923439
18420,8842080,176,21.107249880000005,1.202602505683899,-0.005600937455892563,21.526166685670614
18440,8851680,176,24.540564539999995,1.201258623600006,-0.0017765361815690994,15.989021921157837
18460,8861280,176,23.21032683,1.201086986064911,0.00045371465384960177,4.737063747644425
18480,8870880,176,19.276118259999997,1.2012956023216248,-0.008733320236206054,20.163711479306222
18500,8880480,176,24.97941076,1.2005650639533996,-0.0064338061958551405,1.13697569668293
18520,8890080,176,22.53963057,1.2009209275245667,-0.003943201433867216,16.15728271305561
18540,8899680,176,22.849199849999994,1.20069922208786,-0.007430151104927063,11.646016818284988
18560,8909280,176,21.42307788,1.2004838466644288,-0.006516095623373986,0.3739635333418846
18580,8918880,176,24.72263402,1.2004647135734559,-0.005863522412255406,4.841875874996186
18600,8928480,176,25.89270140999999,1.1993828892707825,-0.006266558077186346,6.565782469511032
18620,8938080,176,23.321856739999998,1.1984562277793884,-0.01544269546866417,1.402813095971942
18640,8947680,176,22.10414744,1.198742437362671,-0.009221470588818193,0.48302181288599966
18660,8957280,176,22.438644760000003,1.1980339169502259,-0.007761929929256439,5.5493894755840305
18680,8966880,176,21.3253481,1.1972772359848023,-0.014918730407953263,11.068943479657174
18700,8976480,176,21.25141094,1.198538637161255,0.0222230926156044,6.026454994082451
18720,8986080,176,23.856331060000002,1.1974801063537597,-0.0014612823724746704,7.425576084852219
18740,8995680,176,23.595838490000002,1.19770348072052,-0.007973207265604288,8.008851838111877
18760,9005280,176,24.319371920000002,1.196969711780548,-0.008471007645130157,0.9951782345771789
18780,9014880,176,23.389694560000002,1.196852481365204,-0.002840539813041687,7.031523547321558
18800,9024480,176,22.48468858,1.1958778023719787,-0.013104694336652756,1.300911432504654
18820,9034080,176,25.0040225,1.1956444263458252,0.002121064066886902,9.755088213086129
18840,9043680,176,24.060097589999994,1.1955602526664735,0.009295440465211868,8.75470829308033
18860,9053280,176,24.362098559999996,1.195075261592865,0.0027141768485307695,7.494206264615059
18880,9062880,176,24.042048029999997,1.1949108600616456,-0.004421273618936539,0.28394021540880204
18900,9072480,176,22.295563879999996,1.1941084742546082,0.006327566504478454,7.040929323434829
18920,9082080,176,24.13517104,1.1944965600967408,-0.010242658853530883,5.608991642296314
18940,9091680,176,25.149187030000004,1.1929060816764832,-0.014841686049476267,0.20528156943619252
18960,9101280,176,22.891511080000004,1.1926112174987793,-0.002245604991912842,9.533325272798539
18980,9110880,176,25.483007130000004,1.192326593399048,-0.011459151690360159,0.9291094958782196
19000,9120480,176,24.01833327,1.1917205691337585,-0.01167936623096466,0.9235440403223037
19020,9130080,176,25.472664599999998,1.1915784001350402,-0.008998794853687287,3.352903199195862
19040,9139680,176,23.34961952,1.1906447887420655,-0.015458970121107996,10.591333809494973
19060,9149280,176,23.906076749999997,1.1902450919151306,-0.01510354932397604,11.63207143843174
19080,9158880,176,21.420279210000004,1.1898164629936219,-0.004607923328876495,8.44722660034895
19100,9168480,176,24.74498824999999,1.1881073355674743,0.006233489513397217,9.311900278925895
19120,9178080,176,22.588198610000003,1.1870534420013428,-0.012654782086610795,5.945505753904581
19140,9187680,176,24.53618163,1.1869541525840759,-0.012630526069551706,9.489496845006943
19160,9197280,176,24.318826750000003,1.1858346343040467,0.0032669179141521453,5.850570333003998
19180,9206880,176,22.963650030000004,1.1854143977165221,-0.007247697561979294,6.471486289054155
19200,9216480,176,23.69879279,1.1858667373657226,-0.009604649990797043,24.1802341401577
19220,9226080,175,23.838832860000004,1.1851099133491516,0.0005593605339527131,17.20388115644455
19240,9235680,175,23.709294009999994,1.1847832679748536,-0.008209635317325593,6.7949766255915165
19260,9245280,175,23.949773580000006,1.1841513156890868,-0.00986817739903927,0.05650346502661705
19280,9254880,175,23.49008918,1.1844519138336183,-0.0021028468385338784,31.030472564697266
19300,9264480,175,25.99036345,1.1840600371360779,-0.008086101524531842,4.838507127761841
19320,9274080,175,22.25755304,1.18333398103714,-0.015612233034335076,9.164132119715214
19340,9283680,175,22.79209051,1.1834715485572815,-0.00501880943775177,9.27964888215065
19360,9293280,175,20.55872451,1.1839311480522157,0.008300930261611938,23.293401211500168
19380,9302880,175,21.2584096,1.1823479652404785,-0.00693017914891243,10.092896980047225
19400,9312480,175,24.80404736,1.1826142191886901,-0.008297035098075866,7.845396085083484
19420,9322080,175,22.20080441,1.1831525802612304,-0.00435077166184783,11.441842597723006
19440,9331680,175,18.269371059999997,1.1835734844207764,0.0009687520563602447,5.982624685764312
19460,9341280,175,24.13453351,1.1824270367622376,0.003219962678849697,14.477512802183629
19480,9350880,175,22.487567400000003,1.1813390851020813,-0.013051024067681282,22.287343779206275
19500,9360480,175,22.877807890000003,1.180849552154541,-0.0014339854940772056,9.805914974212646
19520,9370080,175,22.664563429999998,1.1823717951774597,-0.011157798208296299,1.0138239398598672
19540,9379680,175,20.54866395,1.1813409686088563,-0.0034192007966339587,29.101353454589844
19560,9389280,175,17.99846117,1.1813606142997741,-0.00944439209997654,30.308132457733155
19580,9398880,175,20.955665040000003,1.1813055157661438,-0.012454061210155487,7.924214369058609
19600,9408480,175,18.61558866,1.181005883216858,-0.004747112840414047,6.549385571479798
19620,9418080,175,15.52074855,1.1801660418510438,-0.004773401096463204,16.184576392173767
19640,9427680,175,17.022984019999996,1.1811038255691528,-0.0041803873551543805,8.514476370811462
19660,9437280,175,12.45579496,1.181502676010132,0.006279855780303478,5.751405656337738
19680,9446880,175,17.381059260000004,1.1809861183166503,-0.010877813259139658,3.2887933045625686
19700,9456480,175,17.58974362,1.1811707615852356,-0.004668599739670753,3.6425285220146177
19720,9466080,175,18.961009149999995,1.1819970846176147,0.000791095569729805,6.060940241813659
19740,9475680,175,17.40286686,1.1826560497283936,-0.004986890219151973,12.554031682014465
19760,9485280,175,19.78720482,1.1814913630485535,-0.004004425369203091,15.99175009727478
19780,9494880,175,25.03591385,1.1814757347106934,0.007676346600055695,2.2399027585983275
19800,9504480,175,21.186286480000003,1.1808950543403625,0.003986829146742821,17.291533261537552
19820,9514080,175,20.563018119999995,1.181571638584137,-0.010265631694346666,26.895767641067504
19840,9523680,175,19.308725609999996,1.1828057527542115,0.0008534610271453858,0.41605847254395484
19860,9533280,175,21.474091970000003,1.1830050349235535,-0.01809854507446289,6.525844216346741
19880,9542880,175,22.21901627,1.1820824861526489,-0.00838008001446724,0.2449032984673977
19900,9552480,175,17.93657077,1.181513249874115,0.0004247963428497314,6.5468187659978865
19920,9562080,175,21.80667311,1.1825825929641725,-0.007111046882346273,7.602926495671272
19940,9571680,175,16.869588839999995,1.18228417634964,-0.0017836034297943116,21.558785820007323
19960,9581280,175,19.74337854,1.1829023957252502,-0.006063537299633026,1.6024549469351768
19980,9590880,175,19.079499759999997,1.1825397253036498,-0.002139426225039642,14.576814079284668
20000,9600480,175,20.650524049999998,1.1823808193206786,-0.005847301939502359,3.460599499940872
20020,9610080,175,24.677133429999998,1.1819562673568726,-0.002732207626104355,0.3784911915659904
20040,9619680,175,26.94860566,1.181911838054657,-0.010458424873650073,0.11359585113823414
20060,9629280,175,26.046163899999996,1.1806185722351075,-0.009248443506658077,3.8112234503030775
20080,9638880,175,22.835379619999998,1.180159091949463,-0.009910878539085389,0.15597888454794884
20100,9648480,175,24.589241359999995,1.1794049978256225,-0.00024061037693172692,11.090907122939825
20120,9658080,175,24.906177909999997,1.1778168201446533,-0.014452831260859967,0.21663507744669913
20140,9667680,175,24.48540277,1.1774304151535033,-0.005761925876140594,10.239436249434949
20160,9677280,175,23.34379883,1.1762473702430725,-0.01230567879974842,0.9061668932437896
20180,9686880,175,23.962937760000003,1.1753240823745728,-0.007873626341461205,0.5137171179056168
20200,9696480,175,21.692327699999996,1.173782515525818,-0.00546092689037323,9.310333229601383
20220,9706080,175,22.862900850000006,1.1726251244544983,-0.01425810381770134,17.552890968322753
20240,9715680,174,23.031456470000002,1.1727224111557006,-0.011039827764034272,0.12946698665618897
20260,9725280,174,22.45224068,1.1717095613479613,-0.002377849817276001,10.138151606917381
20280,9734880,174,22.61000278,1.1714218258857727,0.012918582558631897,21.348398476839066
20300,9744480,174,20.16388585,1.1709482550621033,-0.006552692130208015,16.299820870161057
20320,9754080,174,23.006696249999994,1.1690937161445618,-0.002259616367518902,1.7375929296016692
20340,9763680,174,19.44691981,1.1684995889663696,-0.0040194161236286165,4.3973076939582825
20360,9773280,174,21.88261172,1.1674755692481995,0.002131672203540802,1.0203226029872894
20380,9782880,174,20.481781910000006,1.1679041743278504,-0.001933981105685234,25.527095603942872
20400,9792480,174,22.475226640000006,1.1674713015556335,-0.010481973737478256,10.353367853164674
20420,9802080,174,23.92580481,1.1676238775253296,-0.0026511299191042783,15.576118350028992
20440,9811680,174,23.993821280000006,1.1677520275115967,-0.0015221819281578063,13.60097489953041
20460,9821280,174,22.949908009999998,1.1680110096931458,-0.01103542260825634,3.3137009337544443
20480,9830880,174,24.24449189,1.16783607006073,0.02083739023655653,0.5799736022949219
20500,9840480,174,25.324691520000002,1.1675619721412658,0.021794550120830536,0.5173711061477662
20520,9850080,174,26.265787609999997,1.1661280512809753,0.000575033575296402,8.011392438411713
20540,9859680,174,25.834971600000003,1.164984393119812,-0.010716337454505264,0.18681400790810584
20560,9869280,174,27.23408885,1.1630907893180846,-0.01514167683199048,0.32342035323381424
20580,9878880,174,25.994018110000003,1.162709128856659,-0.017156216129660607,0.25472194254398345
20600,9888480,174,25.870068489999998,1.1616345047950745,-0.015608371049165726,0.1562845427542925
20620,9898080,174,25.61599475,1.1597833395004273,0.0012623436748981475,4.026732194423675
20640,9907680,174,23.048796080000002,1.1601953387260437,-0.0032963160425424575,0.398034593462944
20660,9917280,174,23.83781614,1.1592317461967467,0.02172001600265503,9.367488205432892
20680,9926880,174,23.813279079999997,1.1588636994361878,-0.003476363606750965,9.308740425109864
20700,9936480,174,24.345522240000005,1.1585861802101136,-0.0004674543859437108,0.31958153285086155
20720,9946080,174,23.546691859999996,1.1581238389015198,-0.0008879738859832286,8.912090528011323
20740,9955680,174,23.76225915,1.1576528429985047,-0.019713912159204483,8.544075602293015
20760,9965280,174,24.68147136,1.1569074749946595,-0.007699017226696014,1.0157413274049758
20780,9974880,174,23.456732280000004,1.1578774571418762,0.006667844392359257,8.282958087325095
20800,9984480,174,22.740387339999995,1.158253812789917,0.007888051122426987,15.585132852196693
20820,9994080,174,25.894888990000005,1.1579030990600585,-0.011082043871283531,1.1140884160995483
20840,10003680,174,25.702866369999995,1.1574981808662415,-0.0105090394616127,7.393741843104363
20860,10013280,174,23.9934988,1.158796000480652,0.00834495685994625,1.3481796950101852
20880,10022880,174,23.613568220000005,1.1580316066741942,-0.007220885716378689,0.42987569272518156
20900,10032480,174,23.45334063,1.1572782278060914,0.0021067671477794647,6.674677062034607
20920,10042080,174,22.52812942,1.157499074935913,2.1323561668395996e-05,9.365321804583072
20940,10051680,174,20.587452170000002,1.1562122583389283,0.0076076516590546815,3.806458222866058
20960,10061280,174,23.813754780000004,1.1570488929748535,-0.00792970135807991,3.259638050198555
20980,10070880,174,23.42161266,1.1567483067512512,-0.015568883810192346,0.4394701957702637
21000,10080480,174,23.12306025,1.1574160695075988,-0.008543961867690086,1.4446115136146545
21020,10090080,174,22.836683069999996,1.1570085406303405,-0.009429418807849288,0.581891380250454
21040,10099680,174,22.04475284,1.1566374540328979,0.005299240886233747,6.552309894561768
21060,10109280,174,24.17517519,1.1566162943840026,-0.0032689180807210505,1.8702153325080872
21080,10118880,174,21.66431587,1.1557438731193543,0.022640784550458194,4.627778641879559
21100,10128480,174,21.43763377,1.1553134083747865,-0.007641337314271368,0.7902743503451347
21120,10138080,174,19.93309584,1.1552247881889344,-0.003692936897277832,11.83454908132553
21140,10147680,174,21.532443810000004,1.1555065751075744,-0.007710788026452064,14.876091158390045
21160,10157280,174,21.953922170000002,1.1551101088523865,0.0043442010879516605,7.698966020345688
21180,10166880,173,22.996724570000005,1.153803026676178,-0.0022212591022253035,14.187547117471695
21200,10176480,173,21.719421710000002,1.1532479524612427,0.01425079326145351,16.377063989639282
21220,10186080,173,22.733581490000006,1.153738009929657,-0.0013731803745031356,3.8556117534637453
21240,10195680,173,22.363400889999998,1.1529377222061157,-0.012808576226234436,1.9957589417696
21260,10205280,173,22.76341347,1.1536006093025208,-0.003766324743628502,0.5817172959446907
21280,10214880,173,20.94052865,1.154461181163788,-0.009807868301868439,10.424586302042007
21300,10224480,173,21.08284969,1.1538355708122254,0.0012107659131288528,5.633451268076897
21320,10234080,173,23.523531289999998,1.1535722136497497,-0.009880720824003219,11.188022354245186
21340,10243680,173,24.827167380000002,1.154451072216034,-0.008019091933965683,0.23683298081159593
21360,10253280,173,22.759654089999998,1.15294007062912,0.0011514224112033843,1.8678060367703437
21380,10262880,173,25.454325550000004,1.1518337607383728,-0.003897891938686371,0.21824968233704567
21400,10272480,173,23.99628869,1.1514370441436768,-0.011643572058528662,3.984513832628727
21420,10282080,173,23.68075937,1.1512749433517455,-0.010866394639015198,8.976149651408196
21440,10291680,173,24.17482855,1.1511950731277465,0.0054685153067111966,2.007892282307148
21460,10301280,173,23.173086349999995,1.1514797806739807,0.005397427082061768,12.006122744083404
21480,10310880,173,25.06907009,1.1510594010353088,0.0011768050491809845,10.06764429807663
21500,10320480,173,22.99225942,1.1508845925331115,-0.0045306339859962465,7.177466076612473
21520,10330080,173,20.29567855,1.1514589548110963,-0.010659132432192565,0.854612386226654
21540,10339680,173,20.09705696,1.1510101318359376,0.009734101593494415,13.994392741471529
21560,10349280,173,17.155622140000002,1.149797749519348,-0.012802595924586057,10.881359723210334
21580,10358880,173,18.0335183,1.1498362302780152,-0.0030111825093626977,2.0704194098711013
21600,10368480,173,20.177411380000002,1.148919415473938,-0.0058299914002418515,7.763954348862171
21620,10378080,173,17.993952919999998,1.1487626910209656,-0.008825442939996719,13.325248122215271
21640,10387680,173,20.05101735,1.1487767696380615,-0.015876780450344085,0.36978718265891075
21660,10397280,173,19.30683,1.1475500822067262,-0.011236821347847582,14.1135843411088
21680,10406880,173,20.032413149999996,1.1474740028381347,-0.0010426003485918046,2.040167635679245
21700,10416480,173,19.97454194,1.1466434121131897,-0.00036160629242658614,11.082462358474732
21720,10426080,173,22.456021370000002,1.1470462799072265,0.009484993293881416,4.355927443504333
21740,10435680,173,21.281535820000002,1.1474079132080077,-0.0066478786990046505,3.3433050587773323
21760,10445280,173,23.55214802,1.14649738073349,0.0042093717493116856,2.2697886347770693
21780,10454880,173,23.293068209999998,1.146126663684845,0.005313515663146973,7.437623077630997
21800,10464480,173,23.42470167,1.1454426169395446,-0.004384218156337738,6.551999700069428
21820,10474080,173,20.62438926,1.145055615901947,-0.002131327986717224,9.473770409822464
21840,10483680,173,21.9220492,1.1454196453094483,0.004670505970716476,8.591712033748626
21860,10493280,173,22.579998930000002,1.144598400592804,0.013669858872890472,10.509369739890099
21880,10502880,173,22.91814031,1.1444394946098329,-0.005631082877516747,12.075825452804565
21900,10512480,173,22.164632980000007,1.14402996301651,0.008252721605822444,11.440371131896972
21920,10522080,173,20.38828886,1.1445871114730835,0.004240235313773155,17.17144110202789
21940,10531680,173,21.266145429999998,1.1440393686294557,0.024361297488212585,6.5905494570732115
21960,10541280,173,18.333994909999998,1.144117248058319,-0.0069929687306284904,4.240263879299164
21980,10550880,173,17.97964353,1.1444535493850707,-0.0055939992889761925,17.008498764038087
22000,10560480,173,19.64266558,1.1445824384689331,0.0021877110004425047,3.8128677785396574
22020,10570080,173,22.925662310000003,1.1448681354522705,-0.0030726847238838674,0.5695729859173297
22040,10579680,173,19.457655110000005,1.145063292980194,-0.006860431283712387,4.764839765429497
22060,10589280,173,20.10143305,1.1450196266174317,-0.003931052633561194,1.7992755472660065
22080,10598880,173,19.02224964,1.1448628425598144,-0.007326432690024376,9.326540315151215
22100,10608480,173,19.42912385,1.1445791482925416,0.0007761043030768633,13.718647384643555
22120,10618080,173,18.862041960000003,1.145348560810089,0.00525716170668602,0.9817686080932617
22140,10627680,173,19.492929359999998,1.1454153537750245,0.001873534917831421,10.33039271235466
22160,10637280,173,20.667192130000004,1.1450494289398194,0.006235354952514172,5.776452577114105
22180,10646880,173,24.408868520000002,1.143959105014801,0.0009906470775604248,5.356769521534443
22200,10656480,173,18.62009571,1.1443066716194152,0.007438207790255546,1.8864059716463089
22220,10666080,173,20.99515832,1.1446221470832825,0.04967903159558773,0.8899446457624436
22240,10675680,173,23.283013669999995,1.1449660778045654,-0.0030128357830108143,4.701562321186065
22260,10685280,173,21.653795820000006,1.1451647639274598,-0.0003295320551842451,2.3134726703166963
22280,10694880,173,25.0260902,1.1444981098175049,0.008409908693283796,2.640097126364708
22300,10704480,173,24.438743,1.1443366289138794,0.0014019381254911424,2.129258614778519
22320,10714080,173,23.220416769999996,1.143594217300415,0.010474588861688972,10.860790300369263
22340,10723680,173,22.20793983,1.1438346028327941,-0.00440273575950414,5.078343951702118
22360,10733280,173,21.432533089999996,1.143884825706482,-0.005918561236467212,0.8364770531654357
22380,10742880,173,21.847732420000003,1.143571126461029,-0.0020937606692314147,6.297865901887417
22400,10752480,173,22.693793489999997,1.144231641292572,0.017191049456596375,2.944079101085663
22420,10762080,173,20.575889789999998,1.1445077776908874,-0.007882956974208355,2.348150047659874
22440,10771680,173,22.37295995,1.1446933627128602,-0.00634368509054184,7.622463607788086
22460,10781280,173,22.583755649999997,1.1433863401412965,-0.005601387470960617,6.9898909538984295
22480,10790880,173,23.002075510000004,1.143191397190094,-0.005474622920155525,0.7235562413930893
22500,10800480,173,24.793162900000002,1.1447867512702943,0.0033054910600185394,4.672986605763436
22520,10810080,173,23.486605589999996,1.1440188765525818,-0.003960637748241425,5.39395387172699
22540,10819680,173,22.54580045,1.14365074634552,-0.0015139512717723847,1.3526545405387878
22560,10829280,173,24.45381994,1.1441741943359376,-0.013818029337562621,0.39187539294362067
22580,10838880,172,21.79806016,1.1441707491874695,0.0028628887608647346,3.6249640002846717
22600,10848480,172,19.83129389,1.1436258673667907,-0.0038285888731479645,3.3533036351203918
22620,10858080,172,21.303929280000002,1.1438293695449828,-0.0019405357539653777,15.048273807764053
22640,10867680,172,24.232599110000002,1.1434710502624512,-0.0084728941321373,1.2761707201600074
22660,10877280,172,22.20885022,1.1445646047592164,-0.004532467573881149,1.6559641540050507
22680,10886880,172,19.8074795,1.1455691814422608,-0.00897131820602226,18.087168675661086
22700,10896480,172,21.56143389,1.1455558657646179,0.009744845051318406,27.468119956552982
22720,10906080,172,21.70298992,1.1453888177871705,-0.001476435363292694,1.0920298278331757
22740,10915680,172,20.822167490000002,1.144182550907135,-0.0024617573246359823,1.4878198713064195
22760,10925280,172,21.55447987,1.144010603427887,-0.009052515029907227,0.4183687448501587
22780,10934880,172,22.953422000000003,1.1437077164649962,-0.005739153054310009,1.2579214811325072
22800,10944480,172,23.734137819999997,1.143952524662018,-0.005197131633758545,2.801005631685257
22820,10954080,172,22.17010807,1.1435801029205321,-0.007006596215069294,2.7103886380791664
22840,10963680,172,24.160714870000003,1.1434908270835877,-0.014940574765205383,4.891845577955246
22860,10973280,172,26.201328049999997,1.142396628856659,-0.005326501035597175,0.4421042412519455
22880,10982880,172,26.206837250000003,1.1420432567596435,-0.017440229747444393,0.34919049963355064
22900,10992480,172,25.033707409999998,1.141086721420288,-0.002919922210276127,16.396538573503495
22920,11002080,172,20.720416479999997,1.140782606601715,-0.0035358920693397524,16.875603637099267
22940,11011680,172,21.704729710000002,1.140095329284668,-0.006426128745079041,1.048613403737545
22960,11021280,172,24.62052596,1.1398260831832885,-0.010157198458909989,1.1095330536365509
22980,11030880,172,25.557318,1.1408698320388795,-0.011505867168307305,0.6196186222136021
23000,11040480,172,22.963928980000006,1.1415403604507446,0.00524398609995842,13.139561104774476
23020,11050080,172,26.21304381,1.140968680381775,-0.011783566884696483,21.915793900191783
23040,11059680,172,22.341185640000003,1.1406210064888,1.852363348007202e-05,1.3222754061222077
23060,11069280,172,23.6301102,1.140847659111023,-0.00444956049323082,0.5491267651319504
23080,11078880,172,26.393831490000004,1.1403785943984985,-0.01918359622359276,0.09455825313925743
23100,11088480,172,20.60363847,1.1396934986114502,-0.002956967055797577,17.296847695112227
23120,11098080,172,26.041543920000002,1.1399031043052674,-0.011854283511638641,0.1988477364182472
23140,11107680,172,21.17105149,1.1398324370384216,-0.0004680931568145752,28.169658958911896
23160,11117280,172,19.25959705,1.1401905775070191,-0.0039585655555129055,1.2483567237854003
23180,11126880,172,21.04288423,1.140210211277008,0.0016641220077872275,10.323946571350097
23200,11136480,172,21.006977310000003,1.1397852420806884,0.0032138156704604624,1.6518565334379673
23220,11146080,172,23.382342430000005,1.1412970185279847,-0.011474278569221497,1.3460566222667694
23240,11155680,172,23.042545090000004,1.141031527519226,-0.017466849088668822,0.6975989624857902
23260,11165280,172,22.530665420000002,1.1418896436691284,0.002938544750213623,9.418767677247525
23280,11174880,172,21.29260839,1.1423957109451295,-0.008915284648537636,0.2568675108253956
23300,11184480,172,23.8423542,1.1415509343147279,0.0027975526638329027,9.508081229031086
23320,11194080,172,23.209460250000003,1.1409753084182739,-0.006330720568075776,0.47506422717124225
23340,11203680,172,21.240360369999994,1.1412754893302917,-0.0095748292747885,8.340974670648574
23360,11213280,172,19.3145354,1.1426254868507386,-0.00356786516495049,18.066951537877323
23380,11222880,172,24.343127070000005,1.141780424118042,0.006549527775496245,22.783322989940643
23400,11232480,172,22.68234281,1.1417221426963806,-0.007699604280060157,18.321878147125243
23420,11242080,172,22.27535161,1.1420137524604796,-0.004929000698029995,2.935647761821747
23440,11251680,172,20.747109060000003,1.1412801504135133,0.005568517372012138,1.0791530400514602
23460,11261280,172,20.625550060000002,1.1413031697273255,-0.005423200875520706,1.210331229865551
23480,11270880,172,22.598214889999994,1.1393055081367494,-0.01243467777967453,12.373418447375297
23500,11280480,172,19.56487941,1.1394227266311645,-0.007282823362038471,2.856598450243473
23520,11290080,172,19.809766030000002,1.138354206085205,0.0033623889088630677,21.339908918738367
23540,11299680,172,20.90561114,1.1385971426963806,-0.007702292338944971,0.2728840570896864
23560,11309280,172,19.991790449999996,1.1386408448219298,0.0006777532398700714,8.086883473396302
23580,11318880,172,19.628073980000003,1.1386738777160645,-0.006587665714323521,10.965633296966553
23600,11328480,172,18.081588520000004,1.1395838618278504,0.004596900660544634,19.740642738342284
23620,11338080,172,17.191225420000002,1.1384778141975402,-0.016473470162600277,9.429684944450855
23640,11347680,172,19.952523529999997,1.1383983492851257,-0.007015679124742746,0.9169441364705563
23660,11357280,172,19.875641910000002,1.1386791586875915,-0.009561766940169036,10.000515764951706
23680,11366880,172,23.129503420000002,1.1383065581321716,0.0017425020691007377,11.667152026295662
23700,11376480,172,21.23806822,1.137697124481201,-0.0010604485869407654,8.455210149288177
23720,11386080,172,22.32233854,1.1390766382217408,-0.013672037422657013,5.927045398950577
23740,11395680,172,23.747413749999996,1.1394688725471496,0.00359022282063961,13.27101535797119
23760,11405280,172,22.724276299999996,1.1383026719093323,-2.350807189941406e-05,9.41319037079811
23780,11414880,172,25.14700567,1.1392145156860352,-0.011068327724933625,0.23885087445378303
23800,11424480,172,21.740764569999996,1.1366231441497803,-0.01822008832823485,9.334539590775966
23820,11434080,172,23.86864418,1.1373978018760682,-0.011436911672353745,5.684528258442879
23840,11443680,172,21.018005320000007,1.1372296929359436,-0.012190692871809006,6.398407113552094
23860,11453280,172,21.02453535,1.13676917552948,-0.0050185367465019224,9.337124145030975
23880,11462880,172,23.876798039999997,1.135781180858612,-0.013985345512628556,0.6177638709545136
23900,11472480,172,22.318564969999994,1.135020637512207,-0.001836552657186985,14.774482798576354
23920,11482080,172,23.108998309999997,1.134942889213562,0.009347373619675636,13.356443864107131
23940,11491680,172,22.399398610000002,1.135128629207611,-0.006369207799434662,6.30713719278574
23960,11501280,172,23.65337334,1.134034025669098,-0.003979542898014188,9.883708871901035
23980,11510880,172,26.101542719999998,1.1349940061569215,-0.004479010519571602,3.3909122079610823
24000,11520480,172,23.21593825,1.1354537844657897,-0.0036401547491550445,1.215368001908064
24020,11530080,172,21.592271069999995,1.1357797145843507,-0.012788113206624985,0.20080125629901885
24040,11539680,172,23.228033110000002,1.1347402453422546,-0.0073759319260716435,0.32084727138280866
24060,11549280,172,24.128001330000007,1.1338723063468934,-0.013904579542577266,0.16266564950346946
24080,11558880,172,25.45938596,1.1334907054901122,0.004569796100258827,2.372689773142338
24100,11568480,172,25.32507838,1.133152389526367,-0.0114793648943305,1.2696372911334037
24120,11578080,172,22.872050180000002,1.1338664174079895,-0.0010550454258918761,9.215681904554367
24140,11587680,172,20.33316851,1.1340316653251648,-0.009549231827259063,9.00999619960785
24160,11597280,172,22.693485420000002,1.1333383798599244,0.0003119831904768944,0.578114116191864
24180,11606880,172,24.38511949,1.1327167272567749,-0.010415772907435894,0.3017812818288803
24200,11616480,172,20.328311869999997,1.1326089024543762,-0.005843170545995235,13.234153340756894
24220,11626080,172,20.09027279,1.1325552940368653,0.004896495351567864,10.279110336303711
24240,11635680,171,23.946180529999996,1.1313236594200133,0.01342245638370514,10.82230520248413
24260,11645280,171,20.564145040000003,1.1318213224411011,-0.005850163195282221,4.117116713523865
24280,11654880,171,22.55907167999999,1.1322301149368286,0.006365123391151428,19.512860655784607
24300,11664480,171,24.784916309999993,1.1329465746879577,-0.0030345508828759195,0.8193123310804367
24320,11674080,171,20.891048069999997,1.1332709670066834,-0.001562574878334999,0.9656135268509388
24340,11683680,171,25.240751420000002,1.1351095199584962,-0.013901932863518596,0.7283334970474243
24360,11693280,171,23.403314320000003,1.1334403157234192,-0.006627977080643177,5.109250247478485
24380,11702880,171,24.530620770000006,1.1340079426765441,-0.0033586978912353515,1.748108720779419
24400,11712480,171,22.78736646,1.1339908957481384,-0.009716760832816362,1.2647936925292016
24420,11722080,171,23.45597996,1.133698618412018,-0.00801555800717324,0.6630933463573456
24440,11731680,171,20.16476521,1.1332705855369567,-0.002751780953258276,22.667782378196716
24460,11741280,171,20.988528970000008,1.132985770702362,0.0005169743672013283,5.440182307362557
24480,11750880,171,23.696207479999998,1.1318905353546143,-0.014799170568585396,3.566488265991211
24500,11760480,171,19.812417370000002,1.1315160512924194,0.004000062867999077,5.870536807179451
24520,11770080,171,22.745020970000006,1.1307239890098573,-0.007520103827118874,11.462885236740112
24540,11779680,171,22.301787570000002,1.1292457222938537,-0.0091227225959301,1.0397226616740227
24560,11789280,171,21.25481518,1.12957603931427,0.004124132171273232,6.391426461935043
24580,11798880,171,19.959839849999998,1.1292638540267945,-0.008121485263109208,8.750454729795456
24600,11808480,171,22.667056739999992,1.1286247491836547,-0.006685165641829372,1.5377535313367843
24620,11818080,171,21.855359280000002,1.1281068563461303,-0.002289636433124542,6.833845962584019
24640,11827680,171,22.8561103,1.1278029680252075,0.007808927446603775,10.949264991283417
24660,11837280,171,20.31563136,1.127216100692749,-0.007776206731796265,4.612817333638668
24680,11846880,171,23.242385690000006,1.12686128616333,-0.014917854219675064,0.9201100260019303
24700,11856480,171,20.306201239999996,1.1268038034439087,-0.006198777351528406,5.393900406360626
24720,11866080,171,21.756682430000005,1.12597576379776,-0.009913590736687183,1.6766189128160476
24740,11875680,171,23.59642109,1.125915539264679,-0.005395596660673618,3.836814743280411
24760,11885280,171,20.350739039999997,1.1255948185920714,-0.009831955656409264,5.188816940784454
24780,11894880,171,24.674376439999996,1.1257330894470214,-0.00324924997985363,3.9627726659178735
24800,11904480,171,23.6067924,1.1259358525276184,-0.0024089157581329347,7.915287816524506
24820,11914080,171,22.16991425,1.1259580850601196,0.008982519805431365,8.17408995181322
24840,11923680,171,25.220326699999998,1.1246045708656311,-0.017173180263489483,0.31383321210742
24860,11933280,171,20.79318331,1.123860514163971,-0.004508373513817787,2.8405912086367606
24880,11942880,171,25.048544879999998,1.123015570640564,-0.018998750299215317,0.4188521906733513
24900,11952480,171,25.956480009999996,1.123233389854431,0.009602958709001541,7.785315293073654
24920,11962080,171,24.626155059999995,1.1239102363586426,-0.012852609308902174,0.3719358742237091
24940,11971680,171,26.65945625000001,1.1228394389152527,-0.007513711135834456,3.206910473108292
24960,11981280,171,25.302691190000004,1.1216012358665466,-0.013071591779589654,0.316446665674448
24980,11990880,171,23.949613070000005,1.120441210269928,-0.007903977669775486,0.44161695539951323
25000,12000480,171,26.70491327,1.120010793209076,-0.0157657278701663,0.3694362327456474
25020,12010080,171,25.334300440000003,1.1207413077354431,-0.005380004644393921,2.8446705296635626
25040,12019680,171,24.085560229999995,1.120171856880188,-0.014618078479543328,10.542083372175693
25060,12029280,171,26.429564130000003,1.1199865221977234,-0.009152426570653915,0.39656165093183515
25080,12038880,171,25.90598611,1.119738507270813,-0.003948498517274857,0.4801602676510811
25100,12048480,171,25.028963429999997,1.1185086965560913,-0.003501542657613754,7.38255729675293
25120,12058080,171,24.864360880000003,1.117628824710846,-0.006724363565444947,11.846248163282871
25140,12067680,171,25.634827739999995,1.117539119720459,0.00917665809392929,9.690740847587586
25160,12077280,171,24.53594274,1.11633620262146,-0.002220676094293594,8.147294709086419
25180,12086880,171,24.101964599999995,1.116236162185669,-0.01546659655869007,0.21547988876700402
25200,12096480,171,21.75850027,1.115732991695404,0.01622230149805546,1.728259539604187
25220,12106080,171,22.475400720000007,1.115288758277893,0.0002901487052440643,1.0747360050678254
25240,12115680,171,20.97008302,1.115416133403778,0.0007891751825809479,12.331338393688203
25260,12125280,171,20.937671140000003,1.1163142561912536,-0.004458331794012338,12.076771640777588
25280,12134880,171,22.461148090000002,1.1161203384399414,-0.004145404882729053,0.7171275749802589
25300,12144480,171,24.58886141,1.1148591756820678,-0.007501865038648248,1.4696537770330906
25320,12154080,171,22.984946270000002,1.1148908734321594,0.018507250770926475,1.586108995974064
25340,12163680,171,25.777086120000003,1.1131164312362671,-0.0005078497546492144,3.438386784493923
25360,12173280,171,26.557173439999996,1.1127345561981201,-0.004405155777931213,9.06134441792965
25380,12182880,171,22.58445958,1.1119394421577453,-0.005611340701580048,3.0873892344534397
25400,12192480,171,26.448889480000002,1.1109774708747864,-0.008945153653621673,10.655382227897643
25420,12202080,171,24.366188779999998,1.1101363897323608,-0.012342855706810952,0.60545604377985
25440,12211680,171,24.257426280000008,1.1100899934768678,0.0034555539488792418,6.205760953575373
25460,12221280,171,23.507117559999998,1.1102628588676453,0.00038625579327344894,4.49414272904396
25480,12230880,171,26.23076853,1.1101944088935851,-0.016602724604308606,6.272446894645691
25500,12240480,171,23.346249930000003,1.1099498271942139,-0.005311267077922821,5.6243130445480345
25520,12250080,171,25.21696806,1.1100486040115356,-0.013871611887589097,0.33885770589113234
25540,12259680,171,24.11596109,1.1102241158485413,-0.01216210313141346,0.2540460430085659
25560,12269280,171,22.43435013,1.1103039145469666,-0.009673027880489826,1.3080774307250977
25580,12278880,171,24.50058599,1.1092069506645204,-0.003597542643547058,8.82686859369278
25600,12288480,171,23.76199593,1.1092023849487305,0.00226503387093544,4.310790546238422
25620,12298080,171,22.95647889,1.1098296880722045,-0.011815977655351162,4.579564763605594
25640,12307680,171,24.00333475,1.1092135190963746,-0.0024145869072526695,0.7552997417747974
25660,12317280,171,23.643645919999997,1.1091646075248718,-0.01862396113574505,0.306123223900795
25680,12326880,171,24.828272509999998,1.1089811086654664,-0.009085093036992476,5.817209339141845
25700,12336480,171,22.806264710000004,1.1095760822296143,-0.0021528883604332804,0.31240797936916354
25720,12346080,171,22.311953550000002,1.1098746061325073,-0.011743570864200591,6.186940757930278
25740,12355680,171,24.265769010000003,1.10915949344635,-0.00899399034678936,6.187513792514801
25760,12365280,171,23.03729937,1.1085362315177918,-0.012661866005510091,0.1721962198615074
25780,12374880,171,23.005821769999997,1.1079151511192322,-0.013460711762309074,0.23694572895765303
25800,12384480,171,24.45968055,1.1066389441490174,-0.01201969087123871,0.7110200434923172
25820,12394080,171,20.739887089999996,1.1065169811248778,-0.009878105681855232,1.9273722752928735
25840,12403680,171,24.581608120000002,1.1058105111122132,-0.010511527955532073,0.5945290517061949
25860,12413280,171,22.87272513,1.105947160720825,-0.00788882002234459,0.20988658219575881
25880,12422880,171,24.64389109,1.105743396282196,-0.008263538777828216,7.15928987711668
25900,12432480,171,26.397185179999997,1.1043887615203858,-0.009442725777626037,7.633266270160675
25920,12442080,171,24.550497270000005,1.10411936044693,-0.017137196287512778,10.033142903447152
25940,12451680,171,25.138016429999997,1.1036293387413025,-0.004636723655858077,0.3379415959119797
25960,12461280,171,24.722829729999997,1.1029251098632813,-0.002193359285593033,6.024453595280647
25980,12470880,171,24.253060769999998,1.101949107646942,0.0038749992847442625,5.8077450975775715
26000,12480480,171,24.242333660000003,1.1016767621040344,-0.001512908935546875,1.808440738916397
26020,12490080,171,22.373096069999995,1.1012043476104736,-0.01795501036394853,0.23799604922533035
26040,12499680,171,23.554020909999995,1.1005409240722657,-0.011499100178480149,0.33989028185606
26060,12509280,170,23.681732919999998,1.100417673587799,-0.0008326523005962372,12.034818267822265
26080,12518880,170,22.858054260000003,1.100830113887787,0.0044106956571340564,2.1049230813980104
26100,12528480,170,26.246423349999997,1.1001219749450684,-0.0008033319376409054,0.27345447316765786
26120,12538080,170,23.56629745,1.1001895308494567,-0.004083773493766785,3.325084720551968
26140,12547680,170,26.450705119999995,1.1002604126930238,-0.006820197682827711,15.367001928389072
26160,12557280,170,24.98705657,1.099262297153473,-0.004092946648597717,0.7616135373711586
26180,12566880,170,23.61093681,1.0992571234703064,-0.013238774565979838,0.44820179864764215
26200,12576480,170,24.721687860000003,1.0983097791671752,-0.0012630995362997055,4.9033857330679895
26220,12586080,170,25.05524459,1.0984865069389342,-0.011980466544628143,0.16584396213293076
26240,12595680,170,25.964990149999995,1.0961248993873596,-0.005998965632170439,0.1609151378273964
26260,12605280,170,24.502507929999997,1.0960105061531067,-0.01753641478717327,0.33121009171009064
26280,12614880,170,24.43212968,1.095626211166382,-0.007886042259633541,0.8698987454175949
26300,12624480,170,24.930939199999997,1.0954932570457458,-0.004213712795171886,1.0462498366832733
26320,12634080,170,23.547167080000005,1.0969387412071228,-0.010375807865057141,1.0107627838850022
26340,12643680,170,22.27613428,1.0972612261772157,-0.0060426250100135805,7.422257341444492
26360,12653280,170,21.66236616,1.096806824207306,0.015895241126418113,25.489937496185302
26380,12662880,170,23.146067880000004,1.096577513217926,-0.01777744961436838,0.2907076083123684
26400,12672480,170,23.531676359999995,1.0963981747627258,0.009367348812520503,10.656504237651825
26420,12682080,170,21.055041929999998,1.097244644165039,-0.006980226933956146,13.824824836850166
26440,12691680,170,20.548046629999998,1.0976375699043275,-0.007965537160634995,8.606102456152438
26460,12701280,170,24.488781950000003,1.0970199584960938,-0.007784239947795868,9.325133925676345
26480,12710880,170,23.096304999999997,1.0970959544181824,-0.016578408516943456,0.703770425915718
26500,12720480,170,24.553216649999996,1.0969516396522523,-0.01545531153678894,10.44098611921072
26520,12730080,170,25.06800672,1.096615731716156,-0.017052009259350596,0.23243415728211403
26540,12739680,170,24.49221074,1.0956388235092163,-0.006275630742311478,8.964106205105782
26560,12749280,170,24.74431842,1.0957162976264954,-0.017345552146434785,0.4839564681053162
26580,12758880,170,24.684565789999997,1.094441294670105,-0.009004958253353835,15.774819040298462
26600,12768480,170,25.099287380000007,1.0947460412979126,-0.008796655014157296,0.8694293558597564
26620,12778080,170,23.550290079999996,1.0943549036979676,-0.008829347789287567,16.509326370060442
26640,12787680,170,25.689919290000002,1.093598520755768,-0.002918381243944168,3.3407428020611407
26660,12797280,170,25.76393616,1.0929494023323059,-0.011047214269638062,9.064522486925124
26680,12806880,170,25.375369389999996,1.0927791595458984,-0.006277443561702967,0.4776139982044697
26700,12816480,170,25.550808729999993,1.0925100207328797,-0.0084025539457798,0.3774486377835274
26720,12826080,170,26.46177974,1.0916536092758178,-0.02005607299506664,0.08438680619001389
26740,12835680,170,25.32135258,1.089628529548645,-0.0030807986855506896,2.9879602186381815
26760,12845280,170,23.571210959999995,1.0883850932121277,-0.011946234852075577,3.802453525364399
26780,12854880,170,25.4674448,1.0874972939491272,-0.007589010894298554,8.883305591344833
26800,12864480,170,24.193630110000004,1.0870087265968322,-0.006287285685539245,7.446732327342033
26820,12874080,170,26.238408720000002,1.0863047003746034,-0.016414780169725418,0.4589302085340023
26840,12883680,170,23.533379970000002,1.0862415313720704,-0.008518596659996547,23.900145292282104
26860,12893280,170,22.93217062,1.085768735408783,-0.01785301826894283,0.22338617518544196
26880,12902880,170,25.240316599999996,1.0858609437942506,-0.02233864087611437,0.15627285614609718
26900,12912480,170,23.17768695,1.0853801012039184,-0.014773854613304138,4.830064164847135
26920,12922080,170,21.181788399999995,1.0849414587020874,0.00070696622133255,13.936713576316833
26940,12931680,170,20.36253293,1.0849740266799928,-0.00703650489449501,18.508494353294374
26960,12941280,170,20.03434506,1.0851584434509278,-0.002039601653814316,7.738731199502945
26980,12950880,170,22.164786439999997,1.0842565774917603,-0.004900319688022137,1.1746458858251572
27000,12960480,170,23.452684209999997,1.0835909128189087,-0.003946756199002266,15.163921403884888
27020,12970080,170,20.81750981,1.0834369897842406,-0.008777919691056013,1.7520018592476845
27040,12979680,170,20.23987651,1.0831032752990724,-0.0037396705942228437,12.476745986938477
27060,12989280,170,21.507044820000004,1.0831976175308227,9.548538364470004e-05,6.153417617082596
27080,12998880,170,25.155529499999997,1.0835015773773193,-0.01841493183746934,14.807579943537712
27100,13008480,170,23.25260175,1.0832801342010498,-0.006053871475160122,3.460069563984871
27120,13018080,170,24.826571710000003,1.0822524428367615,-0.005760162323713303,5.186011931300163
27140,13027680,170,22.44902747,1.0825162649154663,-0.02013939917087555,6.52968877851963
27160,13037280,170,22.12330684,1.0817725300788879,-0.0107480593258515,22.377599412202834
27180,13046880,170,22.730677949999993,1.0821231365203858,-0.004108712077140808,2.7640517503023148
27200,13056480,170,23.65562336,1.081091034412384,-0.0033975224301684647,13.823816955089569
27220,13066080,170,20.464259889999997,1.081237268447876,-0.008474422991275788,4.937370912730694
27240,13075680,170,21.841534780000003,1.0816006302833556,-0.003915838897228241,7.82978138923645
27260,13085280,170,21.609681079999994,1.081164252758026,-0.001475822925567627,5.39862397313118
27280,13094880,170,21.977636689999994,1.0812506437301637,-0.005124715715646743,8.739977018535138
27300,13104480,170,23.6225255,1.0808962345123292,-0.00417226180434227,25.193812258541584
27320,13114080,170,19.71518491,1.0813724637031554,-0.002904713666066527,28.909199810028078
27340,13123680,170,20.23630473,1.080457293987274,-0.007770069921389222,13.483437073230743
27360,13133280,170,17.30376154,1.0817263722419739,0.0021721626835642383,33.5774977684021
27380,13142880,170,20.154224420000002,1.0810929179191588,-0.005425625294446945,19.757888916134835
27400,13152480,170,20.49679159,1.081265962123871,-0.008871060982346534,1.9654544025659562
27420,13162080,170,19.25658115,1.0809683084487915,-0.017287628911435603,5.913584849238395
27440,13171680,170,17.32120302,1.0804574847221375,0.01360688041895628,25.863054990768433
27460,13181280,170,21.3374953,1.0802857160568238,0.0041010469198226925,13.380376476049424
27480,13190880,170,23.42214893,1.0803475499153137,0.005165516585111618,10.577716732025147
27500,13200480,170,22.72176803,1.08131343126297,0.0036430418491363525,7.488035064935684
27520,13210080,170,22.367670269999998,1.080932354927063,-0.0076578473672270775,2.911119467020035
27540,13219680,170,23.548744499999998,1.0805918097496032,-0.006434833258390426,6.056854905188084
27560,13229280,170,23.80699975,1.0805222988128662,-0.004831841588020325,8.512523379549384
27580,13238880,169,26.593495029999996,1.081169879436493,-0.00953168999403715,0.24575818553566933
27600,13248480,169,24.059245529999995,1.0804266214370728,-0.0028195420280098917,0.4284357070922852
27620,13258080,169,25.475388979999998,1.080125081539154,-0.013003051746636629,0.21191565617918967
27640,13267680,169,25.75700257,1.0785784006118775,-0.0028789930045604708,4.887110224366188
27660,13277280,169,26.079618080000003,1.0792343378067017,0.004038392566144466,1.231415332853794
27680,13286880,169,23.50851018,1.079814088344574,-0.017000602185726167,0.4503686159849167
27700,13296480,169,24.91551138,1.0792203307151795,0.0015774291008710862,0.5153714254498482
27720,13306080,169,20.725905679999997,1.079939353466034,-0.004844429343938828,11.616163209080696
27740,13315680,169,22.898006750000004,1.0800505995750427,-0.006360114028211683,1.5845512762665748
27760,13325280,169,25.5560573,1.0793453931808472,-0.021474953508004546,0.36367726773023606
27780,13334880,169,24.721323820000002,1.078451156616211,-0.015251207165420055,7.477519679814577
27800,13344480,169,23.08009883,1.0766566514968872,-0.004770511388778686,0.47501175105571747
27820,13354080,169,25.729861819999996,1.0740148067474364,-0.00878686159849167,0.30738683938980105
27840,13363680,169,25.312804810000003,1.0732059717178344,-0.004652145132422447,0.6129083402454854
27860,13373280,169,24.566537240000002,1.072383177280426,-0.016294690407812597,0.13395387679338455
27880,13382880,169,25.148796139999998,1.0720932364463807,-0.018334160186350347,0.22595242485404016
27900,13392480,169,26.07364392,1.0713073015213013,-0.013030399568378925,0.5616936400532723
27920,13402080,169,25.894732139999995,1.0704122066497803,-0.008566340059041977,0.7404809653759002
27940,13411680,169,22.900953679999997,1.0706388473510742,-0.009778723120689392,8.469850179553031
27960,13421280,169,25.424163330000006,1.0701452970504761,-0.009510053228586913,0.18998831287026405
27980,13430880,169,25.445753869999997,1.069160032272339,-0.0050218082964420315,5.519235694408417
28000,13440480,169,23.62887773,1.0692893147468567,-0.008103483356535435,0.5543718695640564
28020,13450080,169,22.17294736,1.0690317392349242,0.002743387222290039,12.50254609361291
28040,13459680,169,21.72003806,1.068877899646759,-0.007993590086698532,8.611519622802735
28060,13469280,169,21.39818726,1.0694467544555664,-0.006120283901691437,10.307991853356361
28080,13478880,169,24.12274824,1.0704052090644836,-0.004189704358577728,8.728454492986202
28100,13488480,169,21.5351643,1.0706410646438598,-0.008597029000520706,4.707854557037353
28120,13498080,169,26.573839849999995,1.0708418488502502,-0.004277647845447064,0.7982365600764751
28140,13507680,169,23.23130633,1.0701526522636413,-0.007611735537648201,11.387115386128425
28160,13517280,169,23.47741801,1.0706778168678284,-0.009933320747222751,15.53386817574501
28180,13526880,169,24.25089914,1.0700893878936768,-0.012392291612923146,0.17532139644026756
28200,13536480,169,21.801488690000006,1.0694188237190247,-0.006966185197234154,8.969853568077088
28220,13546080,169,24.03804272,1.0685530304908752,-0.011323481053113937,0.3405940428376198
28240,13555680,169,22.950383679999995,1.0679388642311096,-0.00935142240487039,2.880015251040459
28260,13565280,169,24.29143014,1.0674723863601685,-0.007052254490554332,2.499482250213623
28280,13574880,169,25.94989768,1.066839599609375,-0.01092761680483818,2.4686770126223565
28300,13584480,169,23.610150039999997,1.0662538051605224,-0.011189818382263184,0.22407829836010934
28320,13594080,169,22.756092009999996,1.066217827796936,-0.011707491986453534,9.477055831253528
28340,13603680,169,25.194194279999998,1.0636523485183715,0.005095618404448032,10.790591108798981
28360,13613280,169,26.216456010000005,1.0633436679840087,-0.014649746194481849,0.1965755708515644
28380,13622880,169,25.350348519999997,1.061992633342743,-0.0010553471744060515,0.2948156647384167
28400,13632480,169,23.8295571,1.0623654961585998,-0.021023304760456087,7.993062526732683
28420,13642080,169,25.394877489999995,1.0611103773117065,-0.015267636254429817,0.6255783587694168
28440,13651680,169,26.277905290000003,1.0605684757232665,0.02545734792947769,23.565852785110472
28460,13661280,169,25.885597040000004,1.0600984334945678,-0.008902468997985125,0.4677742660045624
28480,13670880,169,25.36689842,1.0587024807929992,-0.0009667009115219116,8.202710602618755
28500,13680480,169,23.432023590000004,1.0585874795913697,0.0020749323070049287,6.458056491613388
28520,13690080,169,24.533140600000007,1.0583893179893493,-0.007933156890794634,3.24563993960619
28540,13699680,169,21.762263270000002,1.058411192893982,0.000336853414773941,3.241882839798927
28560,13709280,169,24.427077380000004,1.056869387626648,-0.012469231616705656,2.9915136843919754
28580,13718880,169,20.10544573,1.0569276571273805,0.012220296717714518,17.77399104088545
28600,13728480,169,22.22389192,1.056482207775116,-0.012208062782883644,0.3882578551769257
28620,13738080,169,23.42292889,1.0560956001281738,0.00039635971188545227,8.64325013384223
28640,13747680,169,24.319223150000003,1.055506956577301,-0.004833021759986877,0.4133503012359142
28660,13757280,169,23.110959169999997,1.0546271920204162,-0.009924986958503723,0.8215059950947762
28680,13766880,169,22.183647340000004,1.0535714864730834,-0.011346979439258576,0.8501870304346084
28700,13776480,169,22.04376147,1.0534374356269836,-0.003059360757470131,19.948967683315278
28720,13786080,169,21.729619240000005,1.0524193882942199,-0.0002720620483160019,11.440649545192718
28740,13795680,169,19.947283520000003,1.0535028219223022,-0.013785507529973984,1.2009975165128708
28760,13805280,169,14.936684580000001,1.0535513162612915,0.011443644389510154,10.355584025382996
28780,13814880,169,16.198333060000003,1.0548731923103332,-0.00984180262312293,16.202303552627562
28800,13824480,169,21.48371487,1.0537591218948363,-0.011308510228991509,13.880165004730225
28820,13834080,169,22.123039400000003,1.0533722281455993,-0.0001782262697815895,12.142378529906273
28840,13843680,169,23.273415049999997,1.0519428491592406,-0.01501114796847105,2.9264352694153786
28860,13853280,169,22.668623309999997,1.0513315677642823,0.003089909255504608,7.383403857052326
28880,13862880,169,21.905582159999998,1.0509395360946656,-0.004563650488853455,14.223585303127766
28900,13872480,169,20.47525675,1.051307475566864,-0.0025536708533763887,17.91752529144287
28920,13882080,169,18.27981083,1.051417589187622,0.004759409464895725,14.776717567443848
28940,13891680,169,19.82383279,1.0520092129707337,0.002151889353990555,7.3000729322433475
28960,13901280,169,23.53620248,1.0518972039222718,-0.0051432734355330465,0.4383885994553566
28980,13910880,169,21.32124796,1.0507837653160095,-0.015388818096835167,5.902993979305029
29000,13920480,169,20.41421928,1.0506777882575988,-0.01030023992061615,3.118977223336697
29020,13930080,169,18.401186690000003,1.0512937545776366,-0.005084819905459881,0.6757144093513489
29040,13939680,169,22.489979350000002,1.050348699092865,-0.01590100023895502,1.7450261741876603
29060,13949280,169,21.32272741,1.050551664829254,-0.008985766314435751,15.563052149116993
29080,13958880,169,21.12575018,1.050458812713623,-0.011477929446846247,0.8440543726086617
29100,13968480,169,22.36291807,1.0507748126983643,-0.007994959503412247,1.121786607056856
29120,13978080,169,23.377446169999995,1.0495871782302857,-5.907565355300903e-05,9.358904299139976
29140,13987680,169,20.88497058,1.0499825596809387,0.0015654996037483214,16.04770993888378
29160,13997280,169,23.253431489999997,1.0501577615737916,0.010836102231405676,17.556769037246703
29180,14006880,169,19.838274730000002,1.0509424805641174,-0.011732809245586395,5.935251551866531
29200,14016480,169,19.44390265,1.0517046332359314,-0.010810086317360402,5.384450793266296
29220,14026080,169,20.922102159999994,1.0514598727226256,-0.00863123214803636,11.079208892583846
29240,14035680,169,20.39742558,1.051920473575592,0.004268171731382608,14.031801676750183
29260,14045280,169,17.30249485,1.0513041496276856,5.450099706649781e-07,8.918260030448437
29280,14054880,169,14.94253836,1.051922357082367,-0.006159110367298127,1.6794396877288817
29300,14064480,168,22.4385145,1.0527152180671693,-0.0008254004642367363,4.507323610782623
29320,14074080,168,21.770704280000004,1.0516446352005004,-0.0017811865578551077,18.41162320971489
29340,14083680,168,20.763673719999996,1.0516998887062072,-0.0025201525539159777,14.598053810000419
29360,14093280,168,17.28053499,1.0511231303215027,0.0052813061513006685,9.595401573181153
29380,14102880,168,19.7988841,1.0519545197486877,-0.008920813724398614,4.610768039524555
29400,14112480,168,19.295094389999996,1.051862931251526,0.0030462459661066534,14.779624962806702
29420,14122080,168,17.597781089999998,1.0526978015899657,-0.0037057138979434967,28.663500785827637
29440,14131680,168,19.85333594,1.0535769820213319,0.0033028222620487212,4.635747039318085
29460,14141280,168,18.603185449999998,1.0522874236106872,-0.0017807938158512116,12.763040447235108
29480,14150880,168,22.0963541,1.0521634340286254,-0.0015480168163776397,3.3328126072883606
29500,14160480,168,22.20971608,1.0524206161499023,0.008505146112293005,4.089594393968582
29520,14170080,168,20.82725312,1.0516549468040466,0.0018062914256006478,1.9771279305219651
29540,14179680,168,21.85418993999999,1.0514939546585083,-0.00037710145115852354,7.75944732427597
29560,14189280,168,18.57230874,1.0514391899108886,0.0040729232132434845,11.771631050109864
29580,14198880,168,20.972355600000004,1.0508741855621337,-0.0023168884217739105,14.9418954372406
29600,14208480,168,20.838298839999997,1.0506336212158203,0.0020218739286065102,6.083504301309586
29620,14218080,168,19.16911089,1.0509580731391908,-0.005256785452365876,3.6576100140810013
29640,14227680,168,21.646581180000002,1.050888442993164,-0.016855131182819606,10.400929936766625
29660,14237280,168,23.33843161,1.0505261540412902,-0.005842850729823113,17.84314257502556
29680,14246880,168,20.28348034,1.0498698353767395,0.01584797278046608,10.293109679222107
29700,14256480,168,22.74963107,1.049058997631073,0.005678952485322952,0.8903819292783737
29720,14266080,168,21.67509392,1.0483732342720031,-0.008523799711838365,0.6563218861818314
29740,14275680,168,21.907310220000003,1.0478526949882507,-0.006547834537923336,10.227651512622833
29760,14285280,168,22.593866430000002,1.0468518137931824,-0.007085637236014008,1.0922556042671203
29780,14294880,168,21.940510839999998,1.046133279800415,-0.002301748096942902,10.855834621191025
29800,14304480,168,20.762738979999998,1.046139693260193,-0.0008508037775754928,2.86356595531106
29820,14314080,168,22.159072249999998,1.0460668087005616,0.005738088116049767,4.059511971473694
29840,14323680,168,19.99737631,1.0461040616035462,-0.011798303946852684,9.127203130722046
29860,14333280,168,22.51816804,1.0458829045295714,-0.015296941064298153,0.47073157876729965
29880,14342880,168,20.362564940000002,1.0449834227561952,0.012929010717198253,15.81370677947998
29900,14352480,168,24.509777980000003,1.0442113876342773,-0.011081218719482422,1.4572536259889604
29920,14362080,168,22.080108909999993,1.0432097554206847,0.0020714022219181063,6.795786945521831
29940,14371680,168,23.321102430000007,1.0427364468574525,-0.007587838172912598,2.9670290410518647
29960,14381280,168,23.671649800000008,1.0419124722480775,-0.007052239775657654,6.05953279286623
29980,14390880,168,23.86394826,1.0418810367584228,-0.011414639209397138,0.689918327331543
30000,14400480,168,20.43964771,1.041820466518402,-0.0027169443666934965,16.518388414382933
30020,14410080,168,23.380176119999998,1.0407096982002257,-0.002252800203859806,8.806441855430602
30040,14419680,168,26.164781710000003,1.0399434447288514,-0.0031868379563093187,0.37619780749082565
30060,14429280,168,22.108740240000003,1.0392536759376525,-0.0076743394136428835,9.836489860713481
30080,14438880,168,23.527452210000007,1.0385633826255798,-0.010400860011577607,5.78645491451025
30100,14448480,168,24.105020239999998,1.0381203651428224,0.0015035606920719147,7.905368441343308
30120,14458080,168,23.118992780000003,1.0380349993705749,0.004494049772620201,6.377700215578079
30140,14467680,168,25.46884106,1.0377384781837464,-0.00025186492130160334,1.5784947142004966
30160,14477280,168,22.860583680000005,1.037863314151764,-0.010026064515113831,13.44355788230896
30180,14486880,168,23.15150413,1.036454403400421,-0.011254015192389489,1.086420300602913
30200,14496480,168,23.802612909999997,1.035233163833618,-0.01812130808830261,6.0248742520809175
30220,14506080,168,23.117037540000002,1.0348194241523743,-0.0006120587699115276,0.35849744230508807
30240,14515680,168,23.332202239999997,1.0341807842254638,0.000869542546570301,1.3989848122000694
30260,14525280,168,24.629576779999997,1.033656692504883,-0.007513841800391674,0.4067411571741104
30280,14534880,168,23.592150110000002,1.033755934238434,-0.0013996579684317112,4.155454388260841
30300,14544480,168,23.9222292,1.034057605266571,0.0037121012806892394,8.386450722813606
30320,14554080,168,22.495804940000003,1.0329172372817994,-0.012879889458417892,0.9446131378412247
30340,14563680,168,19.75541285,1.0321207642555237,-0.01969549311324954,8.290307331085206
30360,14573280,168,22.877664669999998,1.0320749640464784,-0.006487537873908877,2.0537601828575136
30380,14582880,168,24.945847669999992,1.0311747431755065,-0.00664895549416542,4.860155488550663
30400,14592480,168,23.69347582,1.0315937042236327,-0.009489333257079124,0.6435628525912762
30420,14602080,168,23.554035299999995,1.0301710844039917,-0.00674378676339984,0.5227137088775635
30440,14611680,168,24.763814940000003,1.030365538597107,-0.007535289973020554,2.396644961833954
30460,14621280,168,24.036217600000004,1.0296903371810913,-0.014598707854747772,0.617145100235939
30480,14630880,168,25.250234039999995,1.0288029909133911,-0.007441756874322891,0.7626587897539139
30500,14640480,168,23.77130078,1.0268556714057921,-0.012798689678311348,0.19719341024756432
30520,14650080,168,24.480296640000002,1.025182318687439,-3.382787108421326e-05,15.494791835546494
30540,14659680,168,24.717798360000003,1.025044846534729,-0.006031708419322967,2.9803653210401535
30560,14669280,168,25.993251609999998,1.0256857991218566,-0.00016953721642494203,12.577336677908898
30580,14678880,168,25.84100933,1.0247576236724854,-0.011784674227237701,6.634409953653813
30600,14688480,168,27.582816409999996,1.0231989026069641,-0.007932975143194198,0.8708270147442818
30620,14698080,168,25.45033943,1.0227324604988097,0.0009704075753688812,9.732134759426117
30640,14707680,168,24.62745199,1.021870195865631,-0.002978751063346863,10.257576183974743
30660,14717280,168,23.460051299999996,1.0221186518669128,-0.003935386426746845,4.467881819605827
30680,14726880,168,26.91826293,1.0221300363540649,-0.004882490634918213,0.1364355381578207
30700,14736480,168,26.646743790000002,1.0208104014396668,-0.008372408151626588,0.9016040198504924
30720,14746080,168,25.75085117,1.020632529258728,-0.008533889427781105,0.05714997034519911
30740,14755680,168,26.433908309999993,1.0197580933570862,-0.013311762262310367,0.24316913783550262
30760,14765280,168,24.326163930000003,1.0184613466262817,-0.011544015631079674,2.5701341059058906
30780,14774880,168,25.785412460000003,1.0184871077537536,-0.007591692358255386,8.271267319470644
30800,14784480,168,23.924492330000003,1.0192431569099427,0.0035614322405308485,27.26353645324707
30820,14794080,168,26.038584880000002,1.0189199328422547,-0.0023165483027696608,2.9089429825544357
30840,14803680,168,24.44771424,1.0186583876609803,-0.012044348567724229,0.437636125087738
30860,14813280,168,26.07121983,1.017876923084259,-0.006153422893839888,1.4403777107596398
30880,14822880,168,25.310322890000002,1.0187517762184144,0.0019536919891834257,2.543757352232933
30900,14832480,168,25.69281316,1.0177637457847595,0.005481691658496856,17.20052528679371
30920,14842080,168,24.886364829999998,1.0163600325584412,-0.011162878386676312,0.3808408424258232
30940,14851680,168,25.695346179999998,1.0163853883743286,-0.007500594854354859,2.1085638880729674
30960,14861280,168,22.40520231,1.0154245615005493,-0.00884397649206221,0.9954291485249996
30980,14870880,168,23.710555960000008,1.0161711812019347,-0.002184862270951271,0.6143919602036476
31000,14880480,168,24.85926721,1.016002881526947,-0.002234892547130585,4.367118839174509
31020,14890080,168,26.478071800000002,1.0148693799972535,-0.01568245589733124,0.2574578866362572
31040,14899680,168,27.696920719999998,1.0153366446495056,-0.01638643629848957,0.21587458699941636
31060,14909280,168,25.365300729999998,1.0156622648239135,-0.0033334940671920776,0.5915135823190212
31080,14918880,168,25.72082696,1.0147090792655944,0.0009794756770133972,5.909316051751375
31100,14928480,168,22.5962914,1.015115213394165,-0.004544445872306823,0.3416699081659317
31120,14938080,168,24.36460037,1.0153547406196595,-0.005110915377736091,0.6509385883808136
31140,14947680,168,23.955440859999996,1.0159879207611084,-0.019012999534606934,6.552548608928919
31160,14957280,168,24.819608350000003,1.014987051486969,-0.004430956020951271,0.41584463119506837
31180,14966880,168,24.8355281,1.0147602319717408,-0.01312379091978073,9.674385532736778
31200,14976480,168,24.083186960000003,1.0138110995292664,-0.0021886669215746223,1.7446898072957993
31220,14986080,168,23.484091640000006,1.0132608771324159,8.281953632831574e-05,17.204181814193724
31240,14995680,168,25.456730240000006,1.013798463344574,-0.009976277500391007,8.980946862697602
31260,15005280,168,24.21859692,1.0138531804084778,-0.005278580076992512,12.68738759458065
31280,15014880,167,24.583598799999994,1.013412094116211,-0.009778416343033313,0.33376670628786087
31300,15024480,167,22.623219649999996,1.0134297490119935,-0.010792887583374978,0.28277103677392007
31320,15034080,167,27.080539029999997,1.0120761394500732,-0.015848500281572343,0.381812210008502
31340,15043680,167,25.013339029999997,1.0117708563804626,-0.013924861466512084,0.06912931054830551
31360,15053280,167,25.86486058,1.012355637550354,-0.009570793807506561,8.383821887150408
31380,15062880,167,24.980278270000003,1.0110609531402588,0.0020953633240424095,5.743328116834164
31400,15072480,167,25.799386879999997,1.0111676454544067,0.0010058503597974778,0.8718291312456131
31420,15082080,167,24.94591523,1.009501039981842,-0.0035104751586914062,16.290559838712216
31440,15091680,167,23.734388870000004,1.0081607222557067,-0.007465014699846506,10.07182085737586
31460,15101280,167,16.409415980000002,1.0082007765769958,-0.01637211525812745,5.985083866119385
31480,15110880,167,22.75522335,1.0075269103050233,-0.0050194025039672855,9.455794209241867
31500,15120480,167,23.69963877,1.0082431435585022,-0.0034728415310382845,13.265064720809459
31520,15130080,167,24.205723949999996,1.0085469961166382,-0.008734850957989693,0.48527924418449403
31540,15139680,167,24.248268049999997,1.00798602104187,-0.0026146568357944488,3.9939638793468477
31560,15149280,167,23.45650561,1.0085444927215577,-0.014045434445142746,7.541391287744045
31580,15158880,167,25.25609137,1.0086286425590516,0.0024746638722717763,12.715103960037231
31600,15168480,167,22.37780172999999,1.0089433431625365,-0.012252328544855117,3.1697853922843935
31620,15178080,167,25.02356097,1.0073758244514466,0.002676541358232498,14.370885241031647
31640,15187680,167,23.937201460000004,1.0076276779174804,-0.01877472847700119,8.780488336086274
31660,15197280,167,22.393327640000003,1.0075779795646667,-0.0008046612143516541,7.2685513436794285
31680,15206880,167,23.47577198,1.0070978999137878,-0.01044126320630312,20.713139259815215
31700,15216480,167,25.31559424,1.0077407360076904,-0.01684056520462036,0.3430536314845085
31720,15226080,167,25.018348239999995,1.0082393765449524,-0.007255607470870018,0.39424512088298796
31740,15235680,167,26.479760040000002,1.0073795557022094,-0.012944810697808862,0.5301707245409488
31760,15245280,167,22.508677419999998,1.0069592952728272,-0.0024540014564990997,15.93834313750267
31780,15254880,167,24.96353064,1.0066415190696716,-0.007306872308254242,1.0772274270653726
31800,15264480,167,23.98199945,1.0064853310585022,-0.00038176476955413817,4.6970937445759775
31820,15274080,167,25.846994999999993,1.0058005332946778,-0.00802222085185349,0.424006861448288
31840,15283680,167,26.797728000000006,1.0059750914573669,-0.0026399305090308188,0.5887150421738625
31860,15293280,167,25.515052850000007,1.004541826248169,0.0006920233368873596,6.48965914696455
31880,15302880,167,25.68402767,1.0032916784286499,-0.0027901274152100086,1.2058574110269547
31900,15312480,167,24.994149080000007,1.002762794494629,-0.012615010142326355,6.796067330241203
31920,15322080,167,26.491993480000005,1.0032231569290162,0.0059396341443061825,0.8747831672430039
31940,15331680,167,23.95763516,1.002391791343689,-0.013102753739804029,0.33971582502126696
31960,15341280,167,22.393048300000004,1.002808165550232,-0.011617770045995712,0.48752895891666415
31980,15350880,167,24.03280528,1.0026986122131347,-0.020610277354717255,0.1707533650100231
32000,15360480,167,26.525123700000005,1.0021650433540343,-0.010905001312494278,4.661413609981537
32020,15370080,167,24.792743240000004,1.0013406991958618,-0.01681217420846224,0.42220295369625094
32040,15379680,167,24.128057529999996,1.000480592250824,-0.010295148193836211,1.8742886200547217
32060,15389280,167,24.68819723,1.0003997683525085,0.00040592700242996215,7.327504913508892
32080,15398880,167,22.054364509999996,1.0003623247146607,-0.009765627980232238,0.3385716676712036
32100,15408480,167,26.24690805,0.9992159366607666,-0.0064816961021278985,1.2939819693565369
32120,15418080,167,23.94332966,0.9986168920993805,-0.010843249782919884,6.415369367599487
32140,15427680,167,23.889088899999997,0.9978109359741211,-0.007489140331745148,0.9247844733297825
32160,15437280,167,24.36001947,0.9983351588249206,0.0010987669229507446,10.881217229366303
32180,15446880,167,24.90005312,0.9979496777057648,0.005090570449829102,7.779348936676979
32200,15456480,167,21.374660079999998,0.9974626481533051,-0.003417150117456913,9.25077564716339
32220,15466080,167,23.320456130000004,0.9965587019920349,-0.011380695924162864,0.7315295755863189
32240,15475680,167,23.95096849,0.9952932953834533,-0.010222174040973187,0.5584309116005898
32260,15485280,167,26.606060539999994,0.9937232136726379,-0.014717504754662514,0.5080935567617416
32280,15494880,167,21.997907769999998,0.9934928119182587,-0.004083968605846167,3.5456840693950653
32300,15504480,167,23.81365206,0.9945416390895844,-0.010439640283584595,0.6802093923091889
32320,15514080,167,27.488548280000003,0.9931460559368134,-0.004492927365936339,0.7353168800473213
32340,15523680,167,25.984360840000004,0.993866354227066,-0.009324287995696068,0.1554502859711647
32360,15533280,167,25.806133440000004,0.9936009287834168,-0.016330163925886154,8.208630894124507
32380,15542880,167,24.215088639999994,0.9936966896057129,-0.013414619956165552,0.282254222035408
32400,15552480,167,26.47107756999999,0.9922130763530731,-0.007847362756729126,7.927320237830282
32420,15562080,167,26.73953536,0.991063803434372,-0.0033333048224449156,1.1576591655611992
32440,15571680,167,25.774999870000002,0.9914787173271179,0.0015405505895614625,8.570420974120498
32460,15581280,167,26.428660690000005,0.9911492705345154,-0.005960747785866261,2.3693740725517274
32480,15590880,167,26.43151614,0.989604526758194,-0.01669554258696735,0.2974259704351425
32500,15600480,167,24.053504639999996,0.9889182627201081,-0.0017980678007006646,16.661201202869414
32520,15610080,167,24.767356230000004,0.9889333486557007,-0.003398779034614563,1.3565649565309286
32540,15619680,167,25.398819819999993,0.9893406987190246,-0.01627729684114456,4.3333569169044495
32560,15629280,167,25.039253230000007,0.9892363786697388,-0.0034879975020885466,6.964674091339111
32580,15638880,167,24.33171017,0.9894100427627563,-0.0042125992476940155,0.196169400960207
32600,15648480,167,26.215769800000004,0.9887452185153961,-0.012163019180297852,6.03094248957932
32620,15658080,167,23.103088529999994,0.9882815539836883,-0.006393727660179138,7.707569313049317
32640,15667680,167,22.332092209999995,0.9886660099029541,-0.00981142371892929,1.0404803961515428
32660,15677280,167,18.843442550000002,0.9879427015781402,-0.009198445454239845,1.1405368000268936
32680,15686880,167,19.490028700000003,0.98740656375885,-0.0016819804906845093,4.115059292316436
32700,15696480,167,20.57082398,0.9869386851787567,-0.002599441260099411,3.60730721950531
32720,15706080,167,22.085022740000003,0.9864038228988647,0.00045643150806427,8.73418107032776
32740,15715680,167,23.53162068,0.9859655678272248,-0.0017121805809438228,7.849693961441517
32760,15725280,167,20.41777994,0.9852434933185578,-0.0014596164226531982,7.881150080263614
32780,15734880,167,22.252625560000002,0.9849487364292144,0.0067803999525494875,17.461926054954528
32800,15744480,167,21.319599940000003,0.9845556318759918,0.005916536669246852,15.892992031574249
32820,15754080,167,21.837242140000004,0.9839731514453888,-0.0036872997879981995,6.352871002256871
32840,15763680,167,23.023334439999996,0.9838588953018188,-0.011683019623160363,0.2651967130601406
32860,15773280,167,21.27555288,0.9847392559051513,0.002124147675931454,5.8166744202375416
32880,15782880,167,23.33608842,0.9843104541301727,-0.008463667333126068,3.9780878379940985
32900,15792480,167,22.406938800000002,0.9826746642589569,-0.006718223914504051,0.45478894412517545
32920,15802080,167,23.596041739999997,0.9837365806102752,-0.0071636389940977095,13.700648772716523
32940,15811680,167,22.34569442,0.98379847407341,-0.0010863926261663436,7.403031998872757
32960,15821280,166,24.65370058,0.9843884170055389,-0.009162021055817603,0.21220576614141465
32980,15830880,166,22.475645010000004,0.982737946510315,0.0014370123855769635,17.424195754528046
33000,15840480,166,23.524846410000006,0.9809486746788025,-0.00565167386084795,5.075846636295319
33020,15850080,166,23.47422692,0.9806348979473114,-0.0003610551357269287,10.053124463558197
33040,15859680,166,21.09288546,0.9806074738502503,0.002398870885372162,1.5417572557926178
33060,15869280,166,24.15794762,0.9819717109203339,-0.008618813051725738,2.767175567150116
33080,15878880,166,24.09921671,0.9812406778335572,-0.010244246758520602,0.3080240711569786
33100,15888480,166,23.139048689999996,0.98026242852211,-0.002133242413401604,16.58422169685364
33120,15898080,166,23.56300362,0.9803176999092102,0.0036949977278709412,6.903321225941181
33140,15907680,166,19.788589029999997,0.9801135361194611,-0.0019837789237499236,8.491113702952862
33160,15917280,166,18.84194914,0.979766845703125,-0.00328001263551414,3.9114529877901076
33180,15926880,166,18.56614763,0.9797304153442383,-0.006365953013300896,6.540237123519182
33200,15936480,166,22.625518189999994,0.9806546926498413,-0.013326977379620075,0.8371785342693329
33220,15946080,166,20.44012933,0.9810722410678864,-0.008820332866162062,1.401463721692562
33240,15955680,166,19.77264136,0.980431318283081,-0.008169042319059372,13.555924178659916
33260,15965280,166,20.84733579,0.9795311391353607,0.001037093997001648,8.66022311449051
33280,15974880,166,23.514116530000006,0.9801234006881714,-0.005287858098745346,1.008225327730179
33300,15984480,166,21.28938133,0.978921365737915,-0.004879174381494522,19.993770694732667
33320,15994080,166,24.80874901999999,0.9792385578155518,-0.009251968562602996,0.5165847629308701
33340,16003680,166,25.175829040000004,0.979868620634079,-0.013688948750495911,0.15672113485634326
33360,16013280,166,25.12210814,0.9784923315048217,-0.016426818817853926,0.3632369935512543
33380,16022880,166,25.48743806,0.9778710007667542,-0.007604499347507954,1.1651602029800414
33400,16032480,166,26.946623019999997,0.9773769676685333,-0.017701966175809502,0.11684576719999314
33420,16042080,166,24.31176641,0.9761650145053864,-0.004420243203639984,12.81065933033824
33440,16051680,166,24.08613392,0.9767092823982239,-0.01021026149392128,6.230546140670777
33460,16061280,166,24.725770830000005,0.9770408689975738,-0.012883244222030044,0.6254112176597119
33480,16070880,166,23.275051959999995,0.9770610868930817,-0.004081793385557831,6.471862012147904
33500,16080480,166,26.130262129999995,0.9767865717411042,-0.004819508641958237,0.7686650238931179
33520,16090080,166,24.40827952,0.9766265153884888,-0.008567674458026886,2.7775187730789184
33540,16099680,166,23.484289300000004,0.9753761708736419,-0.0047476813197135925,5.090824869275093
33560,16109280,166,25.21221646,0.9742713332176208,-0.00987717960961163,0.44367726147174835
33580,16118880,166,21.807016479999998,0.9725826442241668,-0.0073955759406089784,10.385149646550417
33600,16128480,166,20.54451736,0.9727013587951661,0.005370665341615677,12.172674655914307
33620,16138080,166,24.052843890000005,0.9731813549995423,-0.006886657886207103,1.0240839779376985
33640,16147680,166,23.619747059999998,0.9727529883384705,-0.005053975526243449,3.3797630250453947
33660,16157280,166,20.13135617,0.9722452998161316,0.00197918675839901,12.304609888792038
33680,16166880,166,23.387168359999997,0.9710904479026794,-0.013886632584035396,0.13367794696241617
33700,16176480,166,22.776013219999996,0.9684536278247833,-0.008997563645243645,0.618908055871725
33720,16186080,166,23.94153631,0.9679098665714264,-0.002856026589870453,19.265064942836762
33740,16195680,166,23.54925164999999,0.9689944922924042,-0.005830731242895126,2.7378132909536363
33760,16205280,166,21.73889786,0.9691918790340424,-3.1879852758720514e-05,7.797255277633667
33780,16214880,166,25.072914270000002,0.9684126198291778,-0.0027578067034482955,6.496356710791588
33800,16224480,166,24.09544523,0.967794144153595,-0.00039579346776008606,0.8627322912216187
33820,16234080,166,23.837690030000005,0.9681167304515839,-0.009429301880300046,7.122437110543251
33840,16243680,166,23.956459619999997,0.9672908663749695,-0.011062698066234588,5.692913350462914
33860,16253280,166,23.96416714,0.9671465814113617,-0.0018023720011115074,13.008346648514271
33880,16262880,166,26.020665529999995,0.9670489192008972,-0.00794372260570526,1.3198594152927399
33900,16272480,166,23.895003220000003,0.9669998049736023,-0.013261006772518158,1.4887850679457189
33920,16282080,166,24.130295220000004,0.9661717772483825,-0.009931235620751978,0.3546387627720833
33940,16291680,166,26.36872667,0.9654206812381745,0.014854390546679497,0.6608940020203591
33960,16301280,166,26.141842930000003,0.9660853326320649,-0.002077603340148926,6.305257503688336
33980,16310880,166,24.999024239999997,0.9658833086490631,-0.014097364991903305,7.189989801496267
34000,16320480,166,25.279398790000002,0.9662892282009125,-0.004865160584449768,8.074617835879327
34020,16330080,166,25.61513577,0.9653368771076203,-0.0055175691843032835,10.423378052562475
34040,16339680,166,21.286083220000002,0.9655421137809753,-0.015469143725931644,8.40166316628456
34060,16349280,166,22.03901038,0.965710598230362,-0.010363369807600975,0.495965975522995
34080,16358880,166,23.03538217,0.9654898822307587,0.0026616543531417848,8.747464746236801
34100,16368480,166,24.058706320000002,0.9656458020210266,0.0010680829174816609,0.26960768848657607
34120,16378080,165,21.66944001,0.9661529660224915,-0.005639081075787544,5.9356295466423035
34140,16387680,165,23.844748090000003,0.9647914469242096,-0.001352904736995697,21.193984150886536
34160,16397280,165,23.463308910000006,0.9649045586585998,-0.0037244211882352827,13.109514009952544
34180,16406880,165,22.690707829999997,0.9644703090190887,-0.0017977334558963777,0.8237384647130966
34200,16416480,165,25.13927338,0.9638800263404846,-0.0051479309797286986,8.122673425078393
34220,16426080,165,22.069440499999995,0.9635492265224457,-0.009524958580732346,1.2774139612913131
34240,16435680,165,25.363933940000003,0.9625881373882293,-0.010375603381544352,11.617098389565944
34260,16445280,165,26.407848759999997,0.9623730897903442,0.006051851436495781,0.7505294233560562
34280,16454880,165,26.341709589999997,0.9621810138225555,-0.013243839144706726,5.917598265409469
34300,16464480,165,22.195733580000006,0.962152361869812,-0.010658764000982045,0.41528674513101577
34320,16474080,165,23.793274580000006,0.9618059277534485,-0.008457502350211143,0.13252281174063682
34340,16483680,165,21.905963399999997,0.9617576837539673,-0.005114451050758362,8.602499631047248
34360,16493280,165,22.878873090000003,0.9621035516262054,0.00981268435716629,20.460196536779403
34380,16502880,165,24.7210844,0.9618167579174042,-0.007906836550682783,0.8739424660801888
34400,16512480,165,25.75695189,0.9617040455341339,-6.892606616020203e-05,4.550521723926067
34420,16522080,165,25.586797540000003,0.9610910415649414,-0.005568147078156472,0.5544071048498154
34440,16531680,165,25.975879329999998,0.9602165162563324,-0.005151629447937012,10.355065909028053
34460,16541280,165,25.809502350000006,0.9595747232437134,-0.0051345835090614855,0.3204394780099392
34480,16550880,165,23.486904380000002,0.9594861984252929,-0.00046708323061466216,8.43839111328125
34500,16560480,165,25.655595469999994,0.9574424266815186,-0.005267759133130312,3.015776002407074
34520,16570080,165,24.844830530000003,0.9569515109062194,-0.016156793385744096,0.30518924444913864
34540,16579680,165,27.65708438,0.9561715066432953,-0.008548742532730103,5.052179220318794
34560,16589280,165,25.49211279,0.9558754444122315,-0.0010933905839920044,12.183188951015472
34580,16598880,165,25.696622649999995,0.9548640310764313,-0.012714703939855099,7.116711767762899
34600,16608480,165,25.99733352,0.9529802799224854,-0.0015473462641239165,7.07233635187149
34620,16618080,165,25.625535780000003,0.9523529589176178,-0.0020866655744612218,0.8429601773619652
34640,16627680,165,26.289604949999998,0.9508298337459564,-0.00902074184268713,0.4231222115457058
34660,16637280,165,25.869905070000005,0.9504198431968689,-0.01792180333286524,0.1939660906791687
34680,16646880,165,26.684010299999997,0.9489457190036774,0.003502362594008446,0.4176294159144163
34700,16656480,165,27.60446892,0.9480861604213715,-0.0027835514396429063,0.6081520557403565
34720,16666080,165,25.190184850000005,0.9468819856643677,-0.011213033646345138,12.123906064033509
34740,16675680,165,24.50304302,0.9459305465221405,-0.008210103586316108,0.5917753547430038
34760,16685280,165,23.466176139999998,0.9450078070163727,-0.01115184873342514,0.17877534925937652
34780,16694880,165,27.547013030000002,0.9441102862358093,-0.009008593251928687,0.7170366197824478
34800,16704480,165,23.842956720000004,0.9433587849140167,0.010954916721675544,0.28890061378479004
34820,16714080,165,25.92155075,0.9432851374149323,-0.005643512308597565,9.535107798874378
34840,16723680,165,27.223006200000004,0.9435348272323608,-0.002680748701095581,4.971671616658568
34860,16733280,165,26.097794399999998,0.9427644550800324,-0.006030660541728139,0.3706523299217224
34880,16742880,165,25.746257029999995,0.9431674420833588,0.0029148919507861137,11.463631664216518
34900,16752480,165,24.517516420000003,0.9426542162895203,-0.004742297250777483,3.818254253268242
34920,16762080,165,23.319964289999998,0.9422284245491028,-0.0035404831171035765,2.131354030966759
34940,16771680,165,26.648652300000002,0.9429498493671418,-0.0023445449769496918,3.2592610947787763
34960,16781280,165,25.57373526,0.9432488739490509,-0.0006656855344772339,0.7692743092775345
34980,16790880,165,26.05925075,0.9428274095058441,-0.006002864241600037,20.573251914978027
35000,16800480,165,25.545715800000004,0.9419706523418426,-0.008827868103981017,0.44885230958461764
35020,16810080,165,25.64240648,0.9416667640209198,-0.017901764810085298,9.46454390436411
35040,16819680,165,25.94531643,0.9419963777065277,-0.012011763453483582,0.5785028032958508
35060,16829280,165,25.526585189999995,0.9426720857620239,-0.011630925815552473,0.2051073394715786
35080,16838880,165,26.05541601,0.9418563604354858,-0.006184610445052386,1.3877726405858994
35100,16848480,165,22.31686302,0.9414844632148742,0.013388023618608713,0.7122666537761688
35120,16858080,165,23.356785379999998,0.9418597042560577,-0.010483629256486892,16.16056869029999
35140,16867680,165,20.98730468,0.9418307602405548,0.009923959826119244,2.711636221408844
35160,16877280,165,20.81853093,0.9420421183109283,0.0027480874443426727,3.2921691656112673
35180,16886880,165,20.228877839999996,0.9420182466506958,0.010957703739404679,13.213025617599488
35200,16896480,165,20.49478492,0.9414179980754852,-0.01365297744050622,8.426222848892213
35220,16906080,165,17.4780257,0.9413241028785706,-0.0032610701979137956,0.5103510901331901
35240,16915680,165,17.78655383,0.9413870453834534,-0.008755924552679062,21.343700629472732
35260,16925280,165,15.214520350000003,0.9408298194408417,-0.011062583001330496,14.06782632470131
35280,16934880,165,22.026522469999996,0.9416756093502044,-0.0011256944388151168,0.5722261682152748
35300,16944480,165,19.397153679999995,0.94095698595047,-0.00820378065109253,6.5657881736755375
35320,16954080,165,18.768343459999997,0.9419225215911865,-0.0024386316537857054,13.926871147751807
35340,16963680,165,20.19566496,0.9415476620197296,-0.0036653139861300586,21.414303874969484
35360,16973280,165,17.98639069,0.9413572192192078,0.009954626858234405,10.996454215049743
35380,16982880,164,20.907031869999997,0.9406607627868653,0.004371908493340015,18.756472647190094
35400,16992480,164,19.009340130000002,0.9405921638011933,-0.009297545626759529,5.225637283921242
35420,17002080,164,19.997503039999998,0.9398409426212311,-0.0069423489272594455,1.2578553587198258
35440,17011680,164,20.96161827,0.9404185295104981,-0.007919694110751153,0.5961064025759697
35460,17021280,164,22.54279817,0.9401502966880798,-0.014898115396499633,1.1637296363711358
35480,17030880,164,23.091182330000002,0.9393986940383912,0.0024187345057725906,0.5208128303289413
35500,17040480,164,22.66926541,0.9381341814994812,0.003279927698895335,9.689567571878433
35520,17050080,164,20.026495500000003,0.9388205766677856,-0.00876381564885378,2.104682283103466
35540,17059680,164,18.817894120000002,0.9377711415290833,-0.008978228643536567,13.584519356489182
35560,17069280,164,23.011322410000002,0.9371268510818481,0.006696154922246933,3.5091775953769684
35580,17078880,164,21.19397587,0.9370501101016998,-0.0028904855251312258,1.12937393784523
35600,17088480,164,19.218314919999997,0.9363592982292175,0.00613923124037683,9.468813717365265
35620,17098080,164,20.61297203,0.9355700671672821,-0.0046972990036010746,4.411523461341858
35640,17107680,164,23.12400241,0.9359300374984741,0.0009341646917164325,5.184451252222061
35660,17117280,164,20.731539279999996,0.9363413155078888,0.0016665611416101455,12.564316928386688
35680,17126880,164,16.75251696,0.9364557027816772,-0.00617858087643981,2.1549131691455843
35700,17136480,164,20.649968999999995,0.936534869670868,-0.004827367514371872,4.769205328822136
35720,17146080,164,22.63685408,0.9353061735630035,-0.007608019793406129,0.5574648201465606
35740,17155680,164,21.98840921,0.9344253420829773,-0.012051203101873399,0.1048936616629362
35760,17165280,164,23.039049679999998,0.9355469882488251,3.969371318817139e-05,0.7488443531095982
35780,17174880,164,23.338535250000003,0.9346538662910462,-0.0029406696557998657,5.131207781285047
35800,17184480,164,24.60070939,0.9335846543312073,-0.004680179804563522,8.322695684432983
35820,17194080,164,19.437937950000002,0.9338533282279968,0.01278993785381317,8.153222039341927
35840,17203680,164,22.612187689999995,0.9332382082939148,-0.0004109296947717667,3.5179565399885178
35860,17213280,164,22.51697107,0.9324064433574677,0.005654134601354599,9.276276421546935
35880,17222880,164,23.78561353,0.9333009600639344,-0.01581688513979316,0.4637493580579758
35900,17232480,164,20.53317407,0.9338678300380707,-0.010129678226076067,10.252402210235596
35920,17242080,164,23.34415716000001,0.9352134943008423,-0.011256895260885358,0.749732206761837
35940,17251680,164,23.82988918999999,0.9349516689777374,0.015643258672207595,16.92971232533455
35960,17261280,164,23.939853299999996,0.9346070885658264,0.005560318380594254,11.707396465539933
35980,17270880,164,24.02367624,0.9358350992202759,0.024977251887321472,8.113928961753846
36000,17280480,164,21.8995479,0.93542839884758,0.007576549798250199,3.870111045241356
36020,17290080,164,23.497358739999996,0.9349386811256408,0.0015670912340283393,0.4801330715417862
36040,17299680,164,20.723200329999994,0.935856717824936,-0.003622744232416153,11.992909336090088
36060,17309280,164,22.137759960000004,0.9362660706043243,-0.004334006668068468,5.026969081163406
36080,17318880,164,21.158755990000003,0.936618834733963,-0.006388948857784271,9.066778218746185
36100,17328480,164,22.216724760000005,0.9360164105892181,-0.008177907019853593,7.156685793399811
36120,17338080,164,19.29047678,0.9365609467029572,-0.0003442287445068359,2.5136733070015906
36140,17347680,164,21.899911820000003,0.9367694199085236,0.003451220691204071,4.8194912008941175
36160,17357280,164,23.29810732,0.9359406352043151,-0.013273639976978302,1.331998410820961
36180,17366880,164,22.40566723,0.936011689901352,-0.012280377745628356,0.8642352983355522
36200,17376480,164,23.22179646,0.9361078083515167,-0.0031613051891326905,0.48402242064476014
36220,17386080,164,25.01786153,0.9339239656925201,-0.013999824970960617,7.865128421783448
36240,17395680,164,22.04930964,0.9338532447814941,-0.013394127879291774,2.5246968135237693
36260,17405280,164,22.87201238,0.9331001400947571,-0.0014661623165011406,1.6904239267110825
36280,17414880,164,22.438045419999998,0.9327738642692566,-0.005063902586698532,2.003622570633888
36300,17424480,164,21.4546549,0.9326315879821777,-0.0024105249205604194,1.2265844941139221
36320,17434080,164,22.08845755,0.9324970781803131,-0.004446667619049549,2.3183881044387817
36340,17443680,164,19.8379286,0.9328241467475891,-0.006744370609521866,2.0159275881946086
36360,17453280,164,20.58146437,0.9316272139549255,-0.00010169029119424521,4.529951751232147
36380,17462880,164,21.447124959999996,0.9305509924888611,-0.0004182275384664536,0.8640911847352981
36400,17472480,164,24.84137344,0.9304227828979492,-0.010681268433108926,6.539936268329621
36420,17482080,164,22.456603089999998,0.9295970499515533,-0.00365995392203331,7.1344585627317425
36440,17491680,164,22.560311969999997,0.9284784972667695,-0.0076373469084501265,5.619785161316395
36460,17501280,164,23.637503820000003,0.9282165884971618,-0.021634869277477264,0.15405729338526725
36480,17510880,164,26.65132482,0.9279902219772339,-0.00028278082609176634,6.203024749457836
36500,17520480,164,23.669771200000003,0.9285030961036682,-0.020466090738773347,8.469694839417935
36520,17530080,164,23.67796403000001,0.9281066000461579,-0.010462982952594757,5.3739395380020145
36540,17539680,164,24.0137407,0.9264611899852753,-0.011230084300041198,7.290241874754429
36560,17549280,164,22.524332100000002,0.9257648348808288,-0.006593817286193371,1.947988823056221
36580,17558880,164,24.197941659999998,0.9252026855945588,-0.007441761717200279,5.5287815276533365
36600,17568480,164,24.458154289999996,0.9253753423690796,-0.0041159078478813175,7.392005136609077
36620,17578080,164,24.301741400000004,0.9256175577640533,-0.011314986646175385,0.8413575999438763
36640,17587680,164,24.17326498,0.9242153882980346,-0.0013893220573663711,6.283368009328842
36660,17597280,164,22.496162500000004,0.9233715772628784,0.003374954033643007,14.209743876755237
36680,17606880,164,24.34848861,0.9234488725662231,-0.0022702813148498535,1.3730316676199437
36700,17616480,164,23.296839669999994,0.9224144518375397,-0.017079851031303404,1.6174805290997027
36720,17626080,164,25.277227980000003,0.921402508020401,-0.005203641578555107,7.346654570102691
36740,17635680,164,23.694691560000003,0.9206934034824371,-0.01241767629981041,2.372139908373356
36760,17645280,164,20.8166704,0.9205453097820282,-0.0029395177960395815,7.829642897844314
36780,17654880,164,21.914722690000005,0.9201013326644898,-0.003413531556725502,1.9958997532725333
36800,17664480,164,24.062845269999997,0.9193542659282684,-0.005330121424049139,2.397856415063143
36820,17674080,164,22.312530340000002,0.9177045226097107,-0.00977635073941201,9.332563722133637
36840,17683680,164,19.867792090000002,0.917254900932312,-0.0033078930573537946,14.261225502192975
36860,17693280,164,22.033912580000003,0.9170657396316528,0.004681756068021059,11.995056965947152
36880,17702880,164,24.11643525,0.9170924544334411,0.01509388096164912,6.527035558223725
36900,17712480,164,20.58209517,0.9175643861293793,-0.006586339883506298,0.4045387640595436
36920,17722080,164,22.41926489,0.9176393985748291,0.01026996374130249,2.5282413601875304
36940,17731680,164,24.92683161,0.916549289226532,-0.0013864241540431977,1.0163639605045318
36960,17741280,164,20.69325364,0.9163851261138916,-0.010106807947158814,1.0780456781387329
36980,17750880,164,23.3005123,0.9147847294807434,-0.011704582395032049,0.5103231936693191
37000,17760480,164,19.72393796,0.9150450646877288,-0.004304308630526066,0.6713757902383805
37020,17770080,164,22.33615597,0.9145267486572266,0.0031065106391906737,7.270599120855332
37040,17779680,164,19.85994806,0.9144719064235687,-0.011144610960036517,11.707222783565522
37060,17789280,164,23.18447818,0.9138767898082734,-0.01346052112057805,0.4479622051119804
37080,17798880,164,22.240270839999997,0.9129892528057099,-0.01512192189693451,6.454388949275017
37100,17808480,164,22.06156245999999,0.9138346254825592,0.003915763646364212,5.077226098626852
37120,17818080,164,19.31298814,0.9144335687160492,-0.009134913235902787,0.7364841729402543
37140,17827680,164,22.23566788,0.9142174005508423,-0.0027818907052278518,5.834662771224975
37160,17837280,164,22.24972859,0.9143442690372467,-0.004428388830274343,1.5517164409160613
37180,17846880,164,22.121126190000005,0.9136326849460602,0.007628198293969035,13.49205813407898
37200,17856480,164,23.444365490000006,0.9147601187229156,-0.01458422765135765,0.1408965289592743
37220,17866080,164,25.012623670000004,0.9141072154045105,8.676651632413268e-05,1.9372903436422348
37240,17875680,164,24.4496162,0.9138891935348511,-0.003900784254074097,4.394501668214798
37260,17885280,164,20.01170823,0.9133851647377014,-0.006515674293041229,6.988899971544742
37280,17894880,164,22.04174681000001,0.9136020958423614,-0.0017738955095410347,12.443596096336842
37300,17904480,164,23.967644780000004,0.9135371029376984,-0.006795896589756012,10.150438840687276
37320,17914080,164,23.30351664,0.9127960622310638,-0.010268082469701767,6.399972212314606
37340,17923680,164,22.16416247,0.91285400390625,-0.006494121998548508,6.052783507108688
37360,17933280,164,22.93630153,0.9121072828769684,-0.010896120220422745,0.2737437397241592
37380,17942880,164,24.16332858,0.9123853504657745,-0.004750150628387928,0.25255877859890463
37400,17952480,164,24.129581460000004,0.9131527245044708,-0.010163813550025224,4.241740930080414
37420,17962080,164,24.53030464,0.9122691094875336,-0.0003329432103782892,5.871556463837623
37440,17971680,164,24.800973709999997,0.9118595123291016,-0.013701919466257095,3.825649952888489
37460,17981280,164,24.09387554,0.9114128768444061,0.00429317532107234,14.433555239439011
37480,17990880,164,24.813725859999998,0.9120413303375244,-0.010338987037539483,0.2307820774614811
37500,18000480,164,24.500895430000003,0.9112645864486695,0.0015346735715866088,9.377176466584206
37520,18010080,164,23.991785049999997,0.9098627686500549,-0.01124042049050331,0.3825421169400215
37540,18019680,164,27.411886380000002,0.9093027770519256,-0.002171883499249816,0.2596668884158134
37560,18029280,164,26.98977077,0.9095392167568207,0.013525783643126487,0.46925353482365606
37580,18038880,164,26.641939390000008,0.9092820167541504,-0.01656805807724595,0.25046569406986235
37600,18048480,164,24.20091648,0.9082903921604156,-0.00646945908665657,0.7024901375174523
37620,18058080,164,23.997542499999998,0.9076008379459382,-0.01171878770692274,20.89115352630615
37640,18067680,164,25.519331939999997,0.9068612635135651,0.013123974204063416,0.35079874843358994
37660,18077280,163,24.693889719999994,0.9066998362541199,-0.021044950187206268,0.41370310336351396
37680,18086880,163,21.9475039,0.9065893769264222,-0.0094452821649611,12.914253947138786
37700,18096480,163,24.320395940000004,0.9074013113975525,0.005897906422615051,7.86947714984417
37720,18106080,163,23.484089260000005,0.9071161091327667,-0.0051763512194156645,6.517687106132508
37740,18115680,163,23.72786711,0.9073882400989532,-0.010234740376472474,0.394054863601923
37760,18125280,163,24.35153794,0.907061105966568,-0.005135487392544746,10.128540927171708
37780,18134880,163,21.133179459999997,0.9081561028957367,-0.013936122413724661,1.036057436466217
37800,18144480,163,21.921271209999997,0.9079115748405456,0.0074039846658706665,7.304654220491647
37820,18154080,163,24.6973543,0.907172954082489,-0.004525614529848098,4.594563040137291
37840,18163680,163,21.726815849999994,0.9071398615837097,-0.011516144685447215,4.335356841981411
37860,18173280,163,21.888378829999997,0.9071890532970428,-0.005151085555553436,7.483123269677162
37880,18182880,163,23.551471509999995,0.9077771127223968,-0.013869904540479183,2.2803690910339354
37900,18192480,163,23.94560627,0.9080525815486908,-0.004874557815492153,1.5261277124285697
37920,18202080,163,18.85829925,0.9078442990779877,-0.010697382502257824,0.19703544154763222
37940,18211680,163,19.32080095,0.9074369728565216,-0.008233551494777202,3.7607850551605226
37960,18221280,163,19.95928394,0.9068520665168762,-0.004480015113949775,12.39520154595375
37980,18230880,163,21.274626160000008,0.9054185926914216,-0.008187035471200943,0.49650323390960693
38000,18240480,163,17.60157366,0.905524754524231,0.0027840690687298774,10.4100710272789
38020,18250080,163,24.60201203,0.9061780989170074,-0.007326116040349007,0.45158865451812746
38040,18259680,163,26.144882319999997,0.9057054817676544,-0.013208351470530033,1.3622344076633452
38060,18269280,163,22.917100300000005,0.9053501605987548,-0.010095704346895218,0.20748848617076873
38080,18278880,163,24.982077709999995,0.9050270557403565,0.013296610116958619,2.086176188290119
38100,18288480,163,28.134850189999998,0.9051624536514282,-0.0167733995243907,0.24368928894400596
38120,18298080,163,25.299855730000004,0.9026562869548798,-0.018103204667568207,0.5129241488873959
38140,18307680,163,23.474301820000008,0.9020808517932892,-0.006081343628466129,3.7043665409088136
38160,18317280,163,21.380377779999993,0.902097362279892,-0.008959323074668646,2.380355340242386
38180,18326880,163,23.39066267,0.9003027260303498,-0.008062398433685303,9.036111396551131
38200,18336480,163,22.794122769999998,0.8998604059219361,-0.006426990125328302,25.260633683204652
38220,18346080,163,21.58011724,0.9000345826148987,-0.01170988529920578,0.8272207617759705
38240,18355680,163,20.497519669999996,0.9000384628772735,-0.012482620496302842,2.9482309579849244
38260,18365280,163,24.44375876,0.8999382555484772,-0.00795715767890215,7.022774787247181
38280,18374880,163,24.257833499999997,0.8993300497531891,-0.0005153665319085121,4.902449816465378
38300,18384480,163,26.350783879999998,0.8983348608016968,0.004867003858089447,8.029152908921242
38320,18394080,163,26.565416329999998,0.8982571423053741,-0.0046521291136741635,1.841159002482891
38340,18403680,163,24.35643944,0.8984515309333801,0.0049167482822667806,5.747956371307373
38360,18413280,163,22.336502780000004,0.8981071829795837,0.0006141971796751022,4.607754978537559
38380,18422880,163,24.786820930000005,0.8971569001674652,0.0025559132918715477,6.692874479293823
38400,18432480,163,23.643658039999995,0.8958577990531922,0.0038813836872577667,6.007879003882408
38420,18442080,163,22.856910009999996,0.8953491985797882,-0.014168813824653625,1.2269672393798827
38440,18451680,163,25.0252847,0.8960993766784668,-0.002810556814074516,0.9648993194103241
38460,18461280,163,23.110617429999998,0.8958919882774353,-0.0063951388001441956,0.8103039860725403
38480,18470880,163,25.207504160000003,0.8953976690769195,-0.003083042800426483,8.91684961169958
38500,18480480,163,25.13055264,0.89453244805336,-0.010046099498867988,0.5420837592333555
38520,18490080,163,24.785887369999998,0.8936647474765778,-0.003881283663213253,2.790075233578682
38540,18499680,163,25.790136040000004,0.892818832397461,-0.00843241810798645,9.081773547828197
38560,18509280,163,24.558860769999992,0.8923422038555145,-0.005258418526500464,7.981022667884827
38580,18518880,163,25.423223590000003,0.8919056296348572,-0.004022188019007444,1.038049864768982
38600,18528480,163,23.203761689999997,0.8928990423679352,-0.0008915580809116363,11.865485578775406
38620,18538080,163,21.344285709999998,0.892071545124054,-0.008529573678970337,0.770530304312706
38640,18547680,163,25.058513310000002,0.8911923289299011,-0.006774191558361053,2.163834960758686
38660,18557280,163,23.868001990000003,0.8908784687519073,-0.013681455235928296,0.2863122433423996
38680,18566880,163,25.139750360000004,0.8896973848342895,-0.012671589851379395,5.848220030963421
38700,18576480,163,24.390723560000005,0.8890407919883728,-0.011310997465625406,0.42256941869854925
38720,18586080,163,22.9467854,0.8891968488693237,-0.004121850430965424,3.1791794687509536
38740,18595680,163,22.66914817,0.8893319368362427,-0.008949551614932716,0.9765046328306198
38760,18605280,163,23.890562279999997,0.8887898564338684,-0.021907508373260498,8.520290334522723
38780,18614880,163,24.927070820000004,0.8874150097370148,-0.012171737104654311,7.220088255405426
38800,18624480,163,26.305257709999996,0.8865490019321441,-0.02649843618273735,0.5891572967171669
38820,18634080,163,23.877013620000007,0.8859506905078888,-0.004334896570071578,15.380125047266484
38840,18643680,163,21.853673840000006,0.884935998916626,-0.0004656745120882988,14.296377253532409
38860,18653280,163,20.57647501,0.8852674007415772,0.015176112949848174,23.275196075439453
38880,18662880,163,22.615557210000006,0.8854288101196289,-0.010297117196023465,0.720371213555336
38900,18672480,163,22.067080859999997,0.8847622394561767,-0.0039041074458509685,12.580835777521134
38920,18682080,163,21.458189859999997,0.88522709608078,-0.013523217476904392,0.33760023713111875
38940,18691680,163,23.34869664,0.8848988592624665,-0.016751595539972186,1.009777483344078
38960,18701280,163,23.457398609999995,0.8850720465183258,-0.010431338101625443,2.4982265144586564
38980,18710880,163,23.185314179999995,0.8850848197937011,-0.016299030184745787,0.236661409586668
39000,18720480,163,22.77994066,0.8848879277706146,-0.01255469098687172,9.254274886846542
39020,18730080,163,23.5703893,0.8861553966999054,-0.01661804346367717,0.8537464529275894
39040,18739680,163,23.581781919999994,0.8844513058662414,-0.007659174781292677,19.078948134183882
39060,18749280,163,26.535468249999997,0.8844469130039215,-0.007238600507844239,0.11549459584057331
39080,18758880,163,24.837263659999998,0.8844676852226258,-0.015582506358623505,0.3685540288686752
39100,18768480,163,24.583487570000003,0.8848329424858093,-0.009015543386340141,3.747751061245799
39120,18778080,163,26.376972619999997,0.8844799518585205,-0.012804444134235381,0.17460413053631782
39140,18787680,163,26.809229889999997,0.883337014913559,-0.018641073396429418,0.32616092562675475
39160,18797280,163,25.98166852,0.8829112887382508,-0.020088329911231995,10.86630700007081
39180,18806880,163,25.994053289999997,0.883079981803894,-0.01156885027885437,9.8354881554842
39200,18816480,163,25.782548459999997,0.882443118095398,0.004270187765359879,2.6767403185367584
39220,18826080,163,23.27664725,0.8822402596473694,0.006228218972682953,13.472137439250947
39240,18835680,163,27.11127805999999,0.8825378715991974,0.0030627191066741944,5.271756127476692
39260,18845280,163,25.10169025,0.8823088765144348,-0.011634380836039782,2.0557622358202936
39280,18854880,163,25.048858879999997,0.8805122375488281,0.0028925888240337373,0.35827347338199617
39300,18864480,163,25.13277946,0.8803937613964081,-0.0050124031375162305,3.9592331528663633
39320,18874080,163,25.984322919999997,0.8789690136909485,-0.007916065491735935,0.1311846263706684
39340,18883680,163,24.10812055,0.8786826431751251,-0.012609901744872332,0.34107568562030793
39360,18893280,163,22.69917543,0.8783036470413208,-0.000377790629863739,15.032496881484985
39380,18902880,163,23.500448120000005,0.8775013089179993,0.006636995012013358,10.804610079526901
39400,18912480,163,26.169752239999998,0.8764214515686035,-0.013130833022296428,0.3175989180803299
39420,18922080,163,24.789127379999996,0.8770905673503876,-0.009653298184275627,0.19725661911070347
39440,18931680,163,25.830176,0.8773958504199981,-0.009125019726343452,0.6372104495763778
39460,18941280,163,23.466805049999998,0.8768649101257324,-0.004459185525774956,4.653122609853744
39480,18950880,163,25.607980339999997,0.8754250705242157,-0.004604850709438324,0.6813747897744179
39500,18960480,163,24.594905450000002,0.8745569169521332,-0.01569146066904068,7.578915117681026
39520,18970080,163,21.80889229,0.8734253525733948,-0.005029810965061188,8.435181549191475
39540,18979680,163,24.08272144,0.8721872985363006,-0.012566066440194845,0.14500127956271172
39560,18989280,163,23.784118859999992,0.8716192960739135,-0.007197408378124237,9.42653230726719
39580,18998880,163,23.560141710000003,0.8720912456512451,-0.01360330730676651,3.7724550545215605
39600,19008480,163,22.693784060000002,0.870958435535431,-0.009764708857983351,0.8778977207839489
39620,19018080,163,20.88948223,0.8705452620983124,-0.006085336580872536,1.6937836766242982
39640,19027680,163,22.327011179999996,0.8706142663955688,-0.010135071794502437,17.78718966841698
39660,19037280,163,25.04310015,0.8709380924701691,-0.003589513897895813,11.372357439994811
39680,19046880,163,22.22092758,0.8702429592609405,0.008443640172481537,11.955887258052826
39700,19056480,163,24.21350894,0.8703726291656494,-0.012575027532875538,0.22218295149505138
39720,19066080,163,20.702840230000003,0.8706375002861023,-0.009226283431053162,8.53249742090702
39740,19075680,163,25.461612450000004,0.8695716381072998,-0.003969306498765946,0.42111765444278715
39760,19085280,163,24.329679990000002,0.8697845101356506,-0.004284968599677086,17.40453120172024
39780,19094880,163,23.453745999999995,0.8711002707481384,-0.006524371821433306,0.15094420239329337
39800,19104480,163,21.991333780000005,0.8714707732200623,0.009586163982748985,6.576804855465889
39820,19114080,163,23.147988370000004,0.8717217564582824,0.0020258940756320955,7.105403104424477
39840,19123680,163,22.88555844,0.8710800349712372,0.0003035955596715212,21.67117085456848
39860,19133280,163,21.69977622,0.8701070725917817,-0.004461664706468582,2.8155525416135787
39880,19142880,163,22.673095759999995,0.8699963927268982,-0.002667299658060074,7.020241931080818
39900,19152480,163,20.328935420000004,0.8705512702465057,-0.0047772784717381,15.92862555384636
39920,19162080,163,25.91008456,0.8693560719490051,-0.0076186283957213165,0.43226686120033264
39940,19171680,163,21.31785708,0.8692276835441589,-0.005465147644281387,7.8816695779562
39960,19181280,163,20.20650404,0.8688737332820893,-0.006020870804786682,5.356950756907463
39980,19190880,163,21.19542607,0.8686540007591248,-0.0140564925968647,8.744663155078888
40000,19200480,163,24.03556756,0.8680328011512757,-0.003845889866352081,4.400122845172882
40020,19210080,163,25.990592830000004,0.8680096805095673,-0.005481322109699249,5.596659116446972
40040,19219680,163,25.60855151,0.8670344054698944,-0.015174368862062693,0.5605015538632869
40060,19229280,163,25.395925149999997,0.8672061622142792,-0.005829735100269318,7.912744392454624
40080,19238880,163,23.94143524,0.8663654148578643,0.03042880482971668,0.48226649314165115
40100,19248480,163,24.482815340000002,0.8674006402492523,-0.006056145264301449,0.29376044124364853
40120,19258080,163,23.35433491,0.866720563173294,-0.0009951692074537278,11.56806363761425
40140,19267680,163,22.911995419999997,0.8660684764385224,-0.0065602421760559086,6.031566284224391
40160,19277280,163,22.79921499,0.8664292693138123,-0.004250205308198929,8.138133692741395
40180,19286880,163,24.24543698,0.8643111765384675,-0.01416555723408237,0.2102582510560751
40200,19296480,163,21.94077495,0.8637781083583832,-0.00969901643693447,0.3719003491103649
40220,19306080,163,22.535169690000004,0.864017516374588,0.008186768740415573,7.658665502071381
40240,19315680,163,26.408107779999995,0.8630309104919434,-0.016522448044270277,0.15318965539336205
40260,19325280,163,25.654453510000003,0.8616173923015594,-0.000260220468044281,10.066019931063057
40280,19334880,163,24.77652439,0.8609874427318573,-0.011126072704792022,0.3779495909810066
40300,19344480,162,25.317669389999995,0.8613312840461731,-0.011804881133139133,3.014970150589943
40320,19354080,162,27.134617770000006,0.8607111513614655,-0.022084309812635185,0.14791356921195983
40340,19363680,162,21.00732234,0.8602918803691864,0.0025858335196971894,19.177654790878297
40360,19373280,162,24.586524490000002,0.860121214389801,-0.00560019463300705,4.942024204134941
40380,19382880,162,22.72732434,0.860551905632019,-0.0130434550344944,1.2039825767278671
40400,19392480,162,23.226490210000005,0.8608222782611847,-0.012727473676204682,0.49445476606488226
40420,19402080,162,26.590091930000003,0.8601883888244629,-0.002152652386575937,0.90119039863348
40440,19411680,162,25.935669759999996,0.8599659383296967,-0.011218359507620335,0.33979948088526724
40460,19421280,162,24.508682730000004,0.8604220390319824,-0.003164525330066681,9.693390642106532
40480,19430880,162,27.22718544,0.860262393951416,-0.014305452443659305,0.1935475140810013
40500,19440480,162,26.758443740000008,0.8603135585784912,0.0004551790654659271,0.19714209884405137
40520,19450080,162,24.719416710000004,0.8596945941448212,0.004585717618465423,7.289562414586544
40540,19459680,162,25.363768510000003,0.8593557775020599,-0.006522608548402786,0.6619418442249299
40560,19469280,162,26.471613559999994,0.8583305060863495,-0.00808950737118721,5.143957243859768
40580,19478880,162,27.534059909999993,0.8565012395381928,-0.014307158067822456,0.16246259212493896
40600,19488480,162,27.027460889999997,0.8566640615463257,-0.012752805650234223,7.466428059339523
40620,19498080,162,25.61028331,0.8563448309898376,-0.007253431901335716,0.3749652996659279
40640,19507680,162,27.810003880000007,0.8560411989688873,-0.006199173629283905,9.993128580600024
40660,19517280,162,25.12368513,0.8556555211544037,-0.0034241929650306703,8.144815263152122
40680,19526880,162,22.39991728,0.8559720933437347,-0.007919332105666399,11.50253176689148
40700,19536480,162,27.7240631,0.8562605798244476,-0.0016571425832808018,0.2484626926481724
40720,19546080,162,25.902462839999995,0.8556885421276093,-0.009145274013280868,0.20637396723031998
40740,19555680,162,25.302797369999997,0.8549227476119995,-0.013425931334495544,0.5749182403087616
40760,19565280,162,24.74145383,0.855454957485199,-0.0006480768322944641,0.339627081155777
40780,19574880,162,23.463144979999996,0.8546176254749298,-0.013021719083189965,0.529158778488636
40800,19584480,162,26.650981909999995,0.8536088466644287,-0.023188783228397368,0.2825141929090023
40820,19594080,162,26.073513150000004,0.8529967248439789,-0.010071954876184463,0.4496055439114571
40840,19603680,162,26.01180496,0.8521805882453919,-0.021740186121314765,0.12598018534481525
40860,19613280,162,25.272770109999996,0.8520499229431152,-0.005470237135887146,0.7570379406213761
40880,19622880,162,27.23337203,0.8512765824794769,-0.02096119504712988,0.15078049823641776
40900,19632480,162,24.869770139999996,0.8502165734767914,-0.005503620207309723,8.389969365298748
40920,19642080,162,26.323653090000004,0.8488175272941589,-0.014150793198496103,1.9367427229881287
40940,19651680,162,25.889181980000004,0.8475400865077972,-0.009883705340325833,0.20916723534464837
40960,19661280,162,26.146833999999995,0.8477594733238221,-0.006612139940261841,7.3602595061063765
40980,19670880,162,24.336921590000003,0.8489486038684845,-0.002424554154276848,8.554334005713462
41000,19680480,162,25.83697276,0.8482672572135925,-0.011321516335010528,0.4118545353412628
41020,19690080,162,24.22282865,0.8476487457752228,-0.0022013798356056214,9.461239510774613
41040,19699680,162,22.41262389,0.8472715377807617,-0.0084920319262892,2.660528600215912
41060,19709280,162,26.07957273,0.8468516170978546,-0.011297919042408466,1.0494914829730988
41080,19718880,162,23.675340880000004,0.8472810924053192,-0.01803734675049782,5.962439849972725
41100,19728480,162,18.97666602,0.8475821137428283,-0.006820263713598252,17.197880321741103
41120,19738080,162,21.699619450000004,0.8465213119983673,-0.01987743712961674,0.380801260471344
41140,19747680,162,20.06561579,0.8464528143405914,-0.010293541848659516,4.81667560338974
41160,19757280,162,20.995853009999998,0.8456037402153015,-0.019467101991176607,15.186569812893868
41180,19766880,162,23.17746694,0.8454227447509766,0.011875242739915848,11.698941584676504
41200,19776480,162,21.181530339999995,0.8448081076145172,0.04288197308778763,5.7344491794705394
41220,19786080,162,23.53181033,0.8440604031085968,-0.008654281124472618,8.900305426120758
41240,19795680,162,21.794692679999997,0.8445111870765686,-0.0006973235460463912,2.1115257665514946
41260,19805280,162,18.730254149999997,0.8451138496398926,0.01715356290806085,38.19016361236572
41280,19814880,162,19.65638392,0.8451675713062287,0.01269865594804287,15.297145080566406
41300,19824480,162,19.37653349,0.8459368944168091,0.01694890484213829,3.097426879405975
41320,19834080,162,17.17803003,0.8464964389801025,-0.011372091621888103,18.906759119033815
41340,19843680,162,21.9295595,0.8462733447551727,-0.008946221880614757,5.450985905528069
41360,19853280,162,19.527786650000003,0.8462108731269836,0.0008853822946548462,6.721358557790518
41380,19862880,162,21.142012499999996,0.8452357590198517,-0.008984882337972521,0.8905733108520508
41400,19872480,162,22.28586572,0.8451717138290405,-0.010321141593158245,14.060419703647494
41420,19882080,162,22.610574970000002,0.8451116919517517,-0.005833690986037254,18.576962614059447
41440,19891680,162,23.509132399999995,0.8448952317237854,-0.006559106707572937,0.250222447514534
41460,19901280,162,24.996287690000003,0.8448446571826935,-0.008136481046676636,7.9407751899212595
41480,19910880,162,24.747266070000002,0.8464721024036408,-0.015393852096167393,4.614568078517914
41500,19920480,162,21.8693427,0.8464246451854706,-0.0005519680678844451,20.206540751457215
41520,19930080,162,23.518458579999997,0.8448130905628204,-0.007868200540542603,1.4603800445795059
41540,19939680,162,24.866938049999998,0.8443261563777924,-0.015130015416070819,0.2957300394773483
41560,19949280,162,25.822405829999997,0.8426133215427398,-0.005044265650212765,1.6972778558731079
41580,19958880,162,24.58136643,0.8433412790298462,0.009787114337086678,2.360295128822327
41600,19968480,162,23.321769159999995,0.8434252262115478,-0.0023365595377981664,13.401356935501099
41620,19978080,162,25.81057158,0.8421491622924805,0.0040245592594146725,7.9611795336008075
41640,19987680,162,25.58473241,0.8407811939716339,-0.00991019606590271,0.7367748439311981
41660,19997280,162,23.736980260000006,0.8407198369503022,-0.01095061651431024,0.25273105353116987
